序号,物质名称,GB 标准号,日期和状态,分类,描述,标签
1,碳酸钠,GB1886.1-2021,,酸度调节剂,用于调节食品的酸碱度，常见于饮料和食品添加剂中。通常被认为安全，但长期高浓度摄入可能导致刺激性和消化不适，建议每日摄入量不超过2克。,安全
2,碳酸氢钠,GB1886.2-2015,,酸度调节剂,常用作发酵剂和膨松剂，广泛用于面包和糕点中。对大多数人群安全，但部分人群可能对其过敏，长期摄入需注意剂量，以免引起消化不适。,易过敏
3,磷酸氢钙,GB1886.3-2021,,营养强化剂,用于增强食品中的钙含量，广泛应用于乳制品和饮料中。通常被认为安全，无明显过敏性，长期摄入有助于骨骼健康，有助于预防骨质疏松。,安全
4,六偏磷酸钠,GB1886.4-2020,,稳定剂和凝固剂,用于食品保鲜和稳定，常见于饮料和肉制品中。通常安全，但过量可能引起消化不适，需注意摄入量以免影响健康。,安全
5,硝酸钠,GB1886.5-2015,,防腐剂,用于防止食品腐败，广泛用于腌制食品中。但高剂量可能导致毒性，孕妇需谨慎使用，并存在致癌风险，建议避免长期大量摄入。,有毒
6,硫酸钙,GB1886.6-2016,,营养强化剂,常用于增强食品中的钙，通常安全，无明显过敏性，长期摄入有助于骨骼健康，适合老年人和儿童补钙使用。,安全
7,焦亚硫酸钠,GB1886.7-2015,,防腐剂,用于防止食品变质，广泛用于干果和果汁中。部分人群可能对其过敏，需谨慎使用，且可能对生态有一定影响。,易过敏
8,亚硫酸钠,GB1886.8-2015,,防腐剂,用于防止食品氧化，常见于果干和饮料中。可能引起过敏反应，尤其在敏感人群中，长期使用需注意剂量，以免对健康产生影响。,易过敏
9,盐酸,GB1886.9-2016,,酸度调节剂,用于调节pH值，通常在工业用途。食用时需严格控制剂量，过量可能对健康产生影响，长期接触可能导致消化系统问题。,有毒
10,冰乙酸（又名冰醋酸）,GB1886.10-2015,,防腐剂,用于调味和防腐，浓度过高可能对皮肤和呼吸道有刺激性，长期接触需谨慎，建议在食品中使用时控制浓度。,有毒
11,亚硝酸钠,GB1886.11-2016,,防腐剂,用于防止肉类和熟食变质，能够延长保质期。然而，高剂量摄入可能会增加致癌风险，孕妇和哺乳期女性应谨慎使用，尽量避免。,有毒
12,丁基羟基茴香醚（BHA）,GB1886.12-2015,,抗氧化剂,常用于防止油脂和脂肪的氧化，能够保持食品的新鲜度。部分人群可能对其过敏，长期高浓度接触可能对生殖系统产生影响，建议定期监测。,易过敏
13,高锰酸钾,GB1886.13-2015,,消毒剂,广泛用于水处理和消毒，能够有效去除水中有害物质。然而，浓度过高可能对人体有毒性，使用需谨慎，且可能对环境造成长期影响。,有毒
14,没食子酸丙酯,GB1886.14-2015,,抗氧化剂,用于防止食品氧化，通常被认为安全，但部分人群可能对其过敏。长期接触需监测健康状况，以避免潜在风险。,易过敏
15,磷酸,GB1886.15-2015,,酸度调节剂,常用于调节食品酸度，广泛应用于饮料和调味品中。通常安全，但高浓度可能引起刺激，长期高剂量需注意以免影响健康。,安全
16,香兰素,GB1886.16-2015,,食品用香料,常用作香味添加剂，广泛应用于烘焙和糖果中。通常被认为安全，但部分人群可能过敏，长期接触需谨慎，以防引起不适。,易过敏
17,紫胶红（又名虫胶红）,GB1886.17-2015,,着色剂,用于食品着色，能够为糖果和饮料增色。通常安全，但需注意来源和成分，可能对环境造成影响，使用时应遵循相关规定。,安全
18,糖精钠,GB1886.18-2015,,甜味剂,常用于替代糖的甜味，适合糖尿病患者使用。部分人群可能对其敏感，长期高剂量可能影响健康，建议适量使用。,易过敏
19,红曲米,GB1886.19-2015,,着色剂,用于食品着色及增香，广泛应用于米制品和肉制品中。通常被认为安全，但需注意来源和成分，避免使用不合格产品。,安全
20,氢氧化钠,GB1886.20-2016,,其他,用于调节pH值，广泛应用于工业和食品加工中。食用时需谨慎，长期接触可能对健康有害，务必遵循安全标准。,有毒
21,乳酸钙,GB1886.21-2016,,营养强化剂,用于增强食品中的钙含量，常见于乳制品和保健品中。通常安全，无明显过敏性，长期摄入有助于骨骼健康，特别适合儿童和老年人。,安全
22,柠檬油,GB1886.22-2016,,食品用香料,用于增加食品的香气，广泛应用于饮料和甜品中。通常安全，但部分人群可能过敏，长期使用需监测健康，以防引发不适。,易过敏
23,小花茉莉浸膏,GB1886.23-2015,,食品用香料,用于增加食品的香气，尤其在甜品和茶饮中。通常安全，但可能引起过敏反应，长期接触需谨慎，建议适量使用。,易过敏
24,桂花浸膏,GB1886.24-2015,,食品用香料,用于增加食品香气，常见于糖果和糕点中。通常安全，部分人群可能过敏，长期使用需监测健康，避免过量。,易过敏
25,柠檬酸钠,GB1886.25-2016,,酸度调节剂,用于调节食品酸度，广泛应用于饮料和罐头食品中。通常安全，无明显过敏性，长期接触通常安全，适合大多数人群。,安全
26,石蜡,GB1886.26-2016,,其他,主要用于食品工业中的防腐，但不建议食用，可能对环境有影响，建议在使用过程中遵循相关安全标准。,有毒
27,蔗糖脂肪酸酯,GB1886.27-2015,,乳化剂,用于提高食品的稳定性，常见于乳制品和烘焙食品中。通常安全，但部分人群可能过敏，长期接触需注意剂量。,易过敏
28,D-异抗坏血酸钠,GB1886.28-2016,,抗氧化剂,用于防止食品氧化，能够延长保质期。通常安全，无明显过敏性，长期接触对健康影响较小，适合大多数人群使用。,安全
29,生姜油,GB1886.29-2015,,食品用香料,用于增加食品香气和风味，广泛应用于饮料和烘焙中。通常安全，但可能引起过敏反应，长期接触需监测，以防不适。,易过敏
30,可可壳色,GB1886.30-2015,,着色剂,用于食品着色，通常安全，主要用于巧克力和糖果中。但需注意来源和成分，避免使用劣质产品。,安全
31,对羟基苯甲酸乙酯,GB1886.31-2015,,防腐剂,用于防止食品腐败，常见于酱料和饮料中。部分人群可能对其过敏，长期接触需注意剂量，以免对健康产生影响。,易过敏
32,高粱红,GB1886.32-2015,,着色剂,用于食品着色，广泛应用于调味品和饮料中。通常安全，但需注意来源和成分，以确保其质量。,安全
33,桉叶油（蓝桉油）,GB1886.33-2015,,食品用香料,用于增加食品香气，尤其在糖果和饮料中。通常安全，但部分人群可能过敏，长期使用需监测健康，以防不适。,易过敏
34,辣椒红,GB1886.34-2015,,着色剂,用于食品着色，常见于调味品和肉制品中。通常安全，但高剂量可能刺激消化道，建议适量使用。,安全
35,山苍子油,GB1886.35-2015,,食品用香料,用于增加食品香气，常见于调味品中。通常安全，但可能引起过敏反应，长期使用需注意，以避免潜在风险。,易过敏
36,留兰香油,GB1886.36-2015,,食品用香料,用于增加食品香气，广泛应用于饮料和糕点中。通常安全，但部分人群可能过敏，长期接触需谨慎，以免引起不适。,易过敏
37,环己基氨基磺酸钠（又名甜蜜素）,GB1886.37-2015,,甜味剂,用于代糖，广泛应用于低热量食品中。通常安全，但部分人群可能敏感，长期使用需监测，以避免潜在影响。,易过敏
38,薰衣草油,GB1886.38-2015,,食品用香料,用于增加食品香气，常见于甜品和饮料中。通常安全，但可能引起过敏反应，长期接触需监测，以防不适。,易过敏
39,山梨酸钾,GB1886.39-2015,,防腐剂,用于防止食品腐败，广泛应用于酱料和冷冻食品中。通常安全，但部分人群可能过敏，长期使用需注意，以免影响健康。,安全
40,L-苹果酸,GB1886.40-2015,,酸度调节剂,用于调节食品的酸度，常见于饮料和糖果中。通常安全，无明显过敏性，适合大多数人群使用。,安全
41,黄原胶,GB1886.41-2015,,增稠剂,用于改善食品的质地和稳定性，通常安全，但部分人群可能对其敏感，长期高浓度接触需监测健康。,安全
42,dl-酒石酸,GB1886.42-2015,,酸度调节剂,用于调节食品的酸度，通常安全，长期接触需注意摄入量及可能的过敏反应。,安全
43,抗坏血酸钙,GB1886.43-2015,,营养强化剂,用于增强食品中的维生素C含量，通常安全，无明显过敏性，长期摄入对健康有益。,安全
44,抗坏血酸钠,GB1886.44-2016,,抗氧化剂,用于防止食品氧化变质，通常安全，但长期接触需监测健康状况，特别是对过敏人群。,安全
45,氯化钙,GB1886.45-2016,,添加剂,用于防止食品水分流失，通常安全，需注意剂量及使用方法，以避免对健康造成影响。,安全
46,低亚硫酸钠,GB1886.46-2015,,防腐剂,用于防止食品变质，部分人群可能对其过敏，建议避免在敏感人群中使用。,易过敏
47,天门冬酰苯丙氨酸甲酯（又名阿斯巴甜）,GB1886.47-2016,,甜味剂,用于代糖，通常安全，但部分人群可能对其敏感，长期高剂量需注意使用。,易过敏
48,玫瑰油,GB1886.48-2015,,食品用香料,用于增加食品香气，通常安全，但部分人群可能过敏，长期接触需谨慎。,易过敏
49,D-异抗坏血酸,GB1886.49-2016,,抗氧化剂,用于防止食品氧化，通常安全，无明显过敏性，长期接触对健康影响较小。,安全
50,2-甲基-3-巯基呋喃,GB1886.50-2015,,食品用香料,用于增加食品香气，通常安全，部分人群可能敏感，长期接触需监测健康。,易过敏
51,"2,3-丁二酮",GB1886.51-2015,,食品用香料,用于增加食品香气，通常安全，无明显过敏性，长期接触需注意监测。,安全
52,植物油抽提溶剂（又名己烷类溶剂）,GB1886.52-2015,,添加剂,用于食品提取，通常安全，但需注意残留量及使用方法，以避免健康风险。,安全
53,己二酸,GB1886.53-2015,,酸度调节剂,用于调节食品的酸度，通常安全，无明显过敏性，长期接触需监测。,安全
54,丙烷,GB1886.54-2015,,添加剂,用于食品加工，通常安全，但需注意剂量，以免影响健康。,安全
55,丁烷,GB1886.55-2015,,添加剂,用于食品加工，通常安全，过量可能对健康产生负面影响，需注意剂量。,安全
56,1-丁醇（正丁醇）,GB1886.56-2015,,添加剂,用于食品加工，通常安全，但需注意剂量及使用方式，以减少风险。,安全
57,单辛酸甘油酯,GB1886.57-2016,,乳化剂,用于改善食品的质地和稳定性，通常安全，无明显过敏性，长期接触需监测。,安全
58,乙醚,GB1886.58-2015,,溶剂,用于食品加工，通常安全，但需注意使用量，以避免健康风险。,安全
59,石油醚,GB1886.59-2015,,溶剂,用于食品加工，通常安全，但需注意使用量，避免残留对健康产生影响。,安全
60,姜黄,GB1886.60-2015,,着色剂,用于食品着色，通常安全，但需注意剂量，过量可能影响健康。,安全
61,红花黄,GB1886.61-2015,,着色剂,用于食品着色，通常安全，无明显过敏性，需注意剂量及使用方法。,安全
62,硅酸镁,GB1886.62-2015,,添加剂,用于改善食品的质地和稳定性，通常安全，无明显过敏性，长期使用需监测。,安全
63,膨润土,GB1886.63-2015,,添加剂,用于改善食品的质地，通常安全，无明显过敏性，长期使用需监测健康。,安全
64,焦糖色,GB1886.64-2015,,着色剂,用于食品着色，通常安全，但需注意剂量，过量可能对健康有影响。,安全
65,单，双甘油脂肪酸酯,GB1886.65-2015,,乳化剂,用于改善食品的质地和稳定性，通常安全，无明显过敏性，长期使用需监测。,安全
66,红曲黄色素,GB1886.66-2015,,着色剂,用于食品着色，通常安全，无明显过敏性，需注意来源和成分。,安全
67,皂荚糖胶,GB1886.67-2015,,增稠剂,用于改善食品的质地，通常安全，无明显过敏性，长期接触需监测健康。,安全
68,二甲基二碳酸盐（又名维果灵）,GB1886.68-2015,,添加剂,用于食品加工，通常安全，无明显过敏性，长期接触需监测。,安全
69,天门冬酰苯丙氨酸甲酯乙酰磺胺酸,GB1886.69-2016,,甜味剂,用于代糖，通常安全，但部分人群可能敏感，需长期监测。,易过敏
70,沙蒿胶,GB1886.70-2015,,增稠剂,用于改善食品的质地，通常安全，无明显过敏性，长期接触需监测健康。,安全
71,"1,2-二氯乙烷",GB1886.71-2015,,添加剂,用于食品加工，需谨慎使用，过量可能对健康产生负面影响。,安全
72,聚氧乙烯聚氧丙烯胺醚,GB1886.72-2016,,添加剂,用于改善食品的质地，通常安全，无明显过敏性，长期使用需监测。,安全
73,不溶性聚乙烯聚吡咯烷酮,GB1886.73-2015,,添加剂,用于食品加工，通常安全，无明显过敏性，长期使用需监测。,安全
74,柠檬酸钾,GB1886.74-2015,,酸度调节剂,用于调节食品的酸度，通常安全，无明显过敏性，长期接触需监测。,安全
75,L-半胱氨酸盐酸盐,GB1886.75-2016,,营养强化剂,用于增强食品中的氨基酸，通常安全，无明显过敏性，长期摄入对健康有益。,安全
76,姜黄素,GB1886.76-2015,,着色剂,用于食品着色，通常安全，但需注意来源及使用剂量。,安全
77,罗汉果甜苷,GB1886.77-2016,,甜味剂,用于代糖，通常安全，但部分人群可能敏感，需长期监测。,易过敏
78,番茄红素（合成）,GB1886.78-2016,,着色剂,用于食品着色，通常安全，无明显过敏性，长期接触需监测健康。,安全
79,硫代二丙酸二月桂酯,GB1886.79-2015,,添加剂,用于食品加工，通常安全，但需注意剂量和使用方法。,安全
80,乙酰化单、双甘油脂肪酸酯,GB1886.80-2015,,乳化剂,用于改善食品的质地，通常安全，无明显过敏性，长期使用需监测。,安全
81,月桂酸,GB1886.81-2015,,添加剂,用于食品加工，常作为表面活性剂使用，具有抗菌特性，通常安全，无明显过敏性。,安全
82,铵磷脂,GB1886.82-2016,,乳化剂,用于改善食品的质地和稳定性，广泛应用于乳制品和调味品中，通常安全，无明显过敏性。,安全
83,巴西棕榈蜡,GB1886.83-2015,,添加剂,用于食品加工，常用于巧克力和糖果的外层，通常安全，无明显过敏性。,安全
84,冰乙酸（低压羰基化法）,GB1886.84-2016,,添加剂,用于食品加工，通常用作酸味剂，提升风味，通常安全，无明显过敏性。,安全
85,刺云实胶,GB1886.85-2015,,增稠剂,用于改善食品的质地，常用于奶制品和肉制品中，通常安全，无明显过敏性。,安全
86,蜂蜡,GB1886.86-2015,,添加剂,用于食品加工，常用作涂层以延长保质期，通常安全，无明显过敏性。,安全
87,富马酸一钠,GB1886.87-2015,,酸度调节剂,用于调节食品的酸度，广泛应用于饮料和调味品中，通常安全，无明显过敏性。,安全
88,甘草抗氧化物,GB1886.88-2015,,抗氧化剂,用于防止食品氧化，延长保质期，通常安全，无明显过敏性。,安全
89,硅酸钙,GB1886.89-2015,,添加剂,用于食品加工，常用作抗结剂和填充剂，通常安全，无明显过敏性。,安全
90,硬脂酸镁,GB1886.90-2016,,添加剂,用于食品加工，常用作分离剂，确保产品均匀性，通常安全，无明显过敏性。,安全
91,硬脂酰乳酸钠,GB1886.91-2016,,添加剂,用于食品加工，常用于改良面团的特性，通常安全，无明显过敏性。,安全
92,乳酸脂肪酸甘油酯,GB1886.92-2015,,乳化剂,用于改善食品的质地，通常用于烘焙和乳制品中，通常安全，无明显过敏性。,安全
93,亚硝酸钾,GB1886.93-2016,,防腐剂,用于防止食品腐败，常用于腌制肉类中，通常安全，但需注意剂量。,安全
94,聚甘油蓖麻醇酸酯（PGPR）,GB1886.94-2015,,乳化剂,用于改善食品的质地，特别是巧克力和涂层，通常安全，无明显过敏性。,安全
95,松香季戊四醇酯,GB1886.95-2024,,增稠剂,用于改善食品的质地，常用于调味品和酱料中，通常安全，无明显过敏性。,安全
96,5’-肌苷酸二钠,GB1886.96-2015,,调味剂,用于增强食品风味，广泛应用于肉类和调味品中，通常安全，无明显过敏性。,安全
97,乳糖醇（又名4-β-D吡喃半乳糖-D-山梨醇）,GB1886.97-2024,,甜味剂,用于代糖，常用于无糖食品中，通常安全，但部分人群可能敏感。,易过敏
98,"L-α-天冬氨酰-N-（2,2,4,4-四甲基-3-硫化三亚甲基）-D-丙氨酰胺（又名阿力甜）",GB1886.98-2015,,甜味剂,用于代糖，常用于低热量食品中，通常安全，但部分人群可能敏感。,易过敏
99,乙二胺四乙酸二钠,GB1886.99-2015,,添加剂,用于食品加工，常用作金属离子螯合剂，通常安全，无明显过敏性。,安全
100,硬脂酸（又名十八烷酸）,GB1886.100-2016,,添加剂,用于食品加工，常用于改善口感，通常安全，无明显过敏性。,安全
101,硬脂酸钙,GB1886.101-2016,,乳化剂,用于提高食品的稳定性，帮助脂肪和水分均匀混合，通常被认为安全。,安全
102,微晶纤维素,GB1886.102-2015,,填充剂,用于增加食品的体积和质感，常用于低热量食品中，通常安全。,安全
103,喹啉黄,GB1886.103-2024,,着色剂,用于食品着色，需注意可能引起的过敏反应，适量使用是安全的。,安全 易过敏
104,辣椒橙,GB1886.104-2016,,着色剂,用于食品中提供红色或橙色，通常安全，注意过量使用可能导致的不良反应。,安全
105,罗望子多糖胶,GB1886.105-2015,,增稠剂,用于增加食品的粘稠度和口感，常用于调味品中，通常安全，是广泛使用的食品添加剂。,安全
106,柠檬酸一钠,GB1886.106-2015,,酸度调节剂,用于调节食品酸度，提升风味，通常安全，适合各种食品中使用。,安全
107,偶氮甲酰胺,GB1886.107-2015,,膨松剂,用于提升食品的发酵效果，确保食品松软口感，需严格按照规定剂量使用。,安全
108,羟丙基甲基纤维素（HPMC）,GB1886.108-2015,,增稠剂,用于增加食品的粘稠度，提供良好的质感，通常安全，不会引起过敏反应。,安全
109,天然苋菜红,GB1886.109-2015,,着色剂,用于食品着色，天然来源，通常安全，适合健康食品中使用。,安全
110,甜菜红,GB1886.110-2015,,着色剂,用于食品着色，来源于甜菜，通常安全，色泽鲜艳，适合多种食品。,安全
111,聚氧乙烯木糖醇酐单硬脂酸酯,GB1886.111-2015,,乳化剂,用于改善食品的质感和稳定性，通常安全，适用于多种配方。,安全
112,菊花黄浸膏,GB1886.112-2015,,着色剂,用于食品着色，通常安全，来自天然植物，适合健康食品使用。,安全
113,紫胶（又名虫胶）,GB1886.113-2015,,着色剂,用于食品着色，通常安全，但需注意个别过敏反应。,安全
114,黑豆红,GB1886.114-2015,,着色剂,用于提供红色，通常安全，适合各种食品中使用。,安全
115,木糖醇酐单硬脂酸酯,GB1886.115-2015,,乳化剂,用于提高食品的稳定性和口感，通常安全，适合多种食品配方。,安全
116,羟基香茅醛,GB1886.116-2015,,食品用香料,用于增加食品香气，通常安全，适合多种食品使用。,安全
117,杭白菊花浸膏,GB1886.117-2015,,食品用香料,用于增加食品香气，通常安全，具有独特风味。,安全
118,"1,8-桉叶素",GB1886.118-2015,,食品用香料,用于增加食品香气，通常安全，常见于香料类食品中。,安全
119,己酸,GB1886.119-2015,,食品用香料,用于增加食品香气，通常安全，常见于多种食品中。,安全
120,丁酸,GB1886.120-2015,,食品用香料,用于增加食品香气，通常安全，适合多种食品配方。,安全
121, 桃醛（又名γ-十一烷内酯）, GB1886.122-2015,, 食品用香料, 用于增加食品香气，通常用于甜味食品，具有良好的风味提升效果，安全性高，适合各种甜品的调味使用。, 安全
122, α-己基肉桂醛, GB1886.123-2015,, 食品用香料, 用于增加食品香气，常见于甜点，具备独特的香甜味道，能够增强食品的风味，通常安全，广泛应用于各类甜品中。, 安全
123, 广藿香油, GB1886.124-2015,, 食品用香料, 用于增加食品香气，具有浓郁的香气和独特的风味，通常安全，适合多种食品的调味，特别是亚洲料理。, 安全
124, 肉桂醇, GB1886.125-2015,, 食品用香料, 用于增加食品香气，适合多种食品，特别是在烘焙食品中表现突出，通常安全，能够增添温暖的香甜味道。, 安全
125, 乙酸芳樟酯, GB1886.126-2015,, 食品用香料, 用于增加食品香气，特别适合甜点和饮料，通常安全，能够提供清新的花果香味，提升整体口感。, 安全
126, 山楂核烟熏香味料I号、II号, GB1886.127-2016,, 食品用香料, 用于增加食品香气，适合多种食品使用，通常安全，能够带来独特的烟熏风味，提升食品的风味层次。, 安全
127, 甲基环戊烯醇酮（又名3-甲基-2-羟基-2-环戊烯-1-酮）, GB1886.128-2015,, 食品用香料, 用于增加食品香气，通常安全，特别适合用于香料类食品，能有效提升香气的复杂度。, 安全
128, 丁香酚, GB1886.129-2022,, 食品用香料, 用于增加食品香气，适合多种食品，具有浓郁的香味，通常安全，常用于烘焙和甜点。, 安全
129, 庚酸乙酯, GB1886.130-2015,, 食品用香料, 用于增加食品香气，通常安全，适合甜点，能够提供甜美的果香，提升风味。, 安全
130, α-戊基肉桂醛, GB1886.131-2015,, 食品用香料, 用于增加食品香气，通常安全，适合甜点及饮料，能带来香甜的肉桂味。, 安全
131, 己酸烯丙酯, GB1886.132-2015,, 食品用香料, 用于增加食品香气，适合多种食品使用，通常安全，能够增添清新的果香味。, 安全
132, 枣子酊, GB1886.133-2015,, 食品用香料, 用于增加食品香气，通常安全，适合多种食品，能够提供自然的枣香风味。, 安全
133, γ-壬内酯, GB1886.134-2015,, 食品用香料, 用于增加食品香气，通常安全，常见于饮料和甜点中，能增添温和的果香。, 安全
134, 苯甲醇, GB1886.135-2015,, 食品用香料, 用于增加食品香气，具有良好的溶解性，适合多种食品，通常安全，能够增强整体风味。, 安全
135, 丁酸苄酯, GB1886.136-2015,, 食品用香料, 用于增加食品香气，通常安全，常用于糖果和香水，能够提供甜美的果香。, 安全
136, 十六醛（又名杨梅醛）, GB1886.137-2015,, 食品用香料, 用于增加食品香气，通常安全，适合多种甜点，能带来丰富的果香味。, 安全
137, 2-乙酰基吡嗪, GB1886.138-2015,, 食品用香料, 用于增加食品香气，通常安全，常见于烘焙食品，能够提供独特的坚果香气。, 安全
138, 百里香酚, GB1886.139-2015,, 食品用香料, 用于增加食品香气，通常安全，适合肉类和调味品，能提供独特的香草风味。, 安全
139, 八角茴香油, GB1886.140-2015,, 食品用香料, 用于增加食品香气，通常安全，适合多种食品，尤其是亚洲菜肴，能够增添温暖的香料味。, 安全
140, d-核糖, GB1886.141-2016,, 营养强化剂, 用于提高食品的营养价值，通常安全，适合健康食品中使用，能够增强能量补充效果。, 安全
141, α-紫罗兰酮, GB1886.142-2015,, 食品用香料, 用于增加食品香气，通常安全，适合甜点和饮料，能够提供甜美的花香。, 安全
142, γ-癸内酯, GB1886.143-2015,, 食品用香料, 用于增加食品香气，通常安全，适合多种食品中使用，能够提供浓郁的果香味。, 安全
143, γ-己内酯, GB1886.144-2015,, 食品用香料, 用于增加食品香气，通常安全，常见于乳制品和烘焙食品中，能够提供独特的奶香味。, 安全
144, δ-癸内酯, GB1886.145-2015,, 食品用香料, 用于增加食品香气，通常安全，适合多种食品，尤其是糖果和饮料，能带来甜美的口感。, 安全
145, δ-十二内酯, GB1886.146-2015,, 食品用香料, 用于增加食品香气，通常安全，适合于烘焙和饮料中，能够提供细腻的香气。, 安全
146, 二氢香芹醇, GB1886.147-2015,, 食品用香料, 用于增加食品香气，通常安全，常用于调味品和香水，能够增添独特的香草香气。, 安全
147, 芳樟醇, GB1886.148-2015,, 食品用香料, 用于增加食品香气，通常安全，适合多种食品，特别是烘焙产品，能够提供甜美的花香味。, 安全
148, 己醛, GB1886.149-2015,, 食品用香料, 用于增加食品香气，通常安全，常见于调味品和饮料，能够增强整体风味。, 安全
149, 甲酸香茅酯, GB1886.150-2015,, 食品用香料, 用于增加食品香气，通常安全，适合在饮料和糖果中使用，能够提供清新的香气。, 安全
150, 甲酸香叶酯, GB1886.151-2015,, 食品用香料, 用于增加食品香气，通常安全，适合多种甜点和饮料中，能够增强风味的复杂度。, 安全
151, 辛酸乙酯, GB1886.152-2015,, 食品用香料, 用于增加食品香气，通常安全，适合多种食品，尤其是乳制品中，能够提供独特的奶香味。, 安全
152, 乙酸2-甲基丁酯, GB1886.153-2015,, 食品用香料, 用于增加食品香气，通常安全，适合于甜点和饮料中，能够增添甜美的口感。, 安全
153, 乙酸丙酯, GB1886.154-2015,, 食品用香料, 用于增加食品香气，通常安全，适合多种食品中使用，能够提供清新的果香。, 安全
154, 乙酸橙花酯, GB1886.155-2015,, 食品用香料, 用于增加食品香气，通常安全，适合在香水和甜点中使用，能够增添浓郁的花香味。, 安全
155, 乙酸松油酯, GB1886.156-2015,, 食品用香料, 用于增加食品香气，通常安全，适合于多种食品和饮料中，能够提供温暖的松木香气，常见于香料和调味品中。, 安全
156, 乙酸香叶酯, GB1886.157-2015,, 食品用香料, 用于增加食品香气，通常安全，适合多种食品中使用，能够带来清新的香叶味，常见于饮料和甜品中。, 安全
157, 异丁酸乙酯, GB1886.158-2015,, 食品用香料, 用于增加食品香气，通常安全，适合多种甜点和饮料中，能增添果香风味，常用于冰淇淋和糖果中。, 安全
158, 异戊酸3-己烯酯, GB1886.159-2015,, 食品用香料, 用于增加食品香气，通常安全，常见于香水和调味品中，能提供甜美的果香，增加产品的吸引力。, 安全
159, 正癸醛（又名癸醛）, GB1886.160-2015,, 食品用香料, 用于增加食品香气，通常安全，适合多种食品中使用，具有独特的坚果香气，提升食品的风味层次。, 安全
160, 棕榈酸乙酯, GB1886.161-2015,, 食品用香料, 用于增加食品香气，通常安全，适合于乳制品和糖果中，能够提供甜美的口感和奶香。, 安全
161, 2,6-二甲基-5-庚烯醛, GB1886.162-2015,, 食品用香料, 用于增加食品香气，通常安全，适合多种烘焙食品，能增添独特的香甜味道。
162, 2-甲基-4-戊烯酸, GB1886.163-2015,, 食品添加剂, 用于食品的酸度调节，通常安全，适合多种食品中使用，能够提供平衡的酸甜口感。, 安全
163, 2-甲基丁酸2-甲基丁酯, GB1886.164-2015,, 食品用香料, 用于增加食品香气，通常安全，适合甜点和饮料中，能够提供甜美的香气。, 安全
164, 2-甲基丁酸3-己烯酯, GB1886.165-2015,, 食品用香料, 用于增加食品香气，通常安全，适合于多种食品中使用，能够增添复杂的香气。, 安全
165, γ-庚内酯, GB1886.166-2015,, 食品用香料, 用于增加食品香气，通常安全，适合多种食品中使用，能带来丰富的果香和甜味。, 安全
166, 大茴香脑, GB1886.167-2015,, 食品用香料, 用于增加食品香气，通常安全，适合于亚洲菜肴和调味品，能够提供浓郁的香料味道。, 安全
167, γ-十二内酯, GB1886.168-2015,, 食品用香料, 用于增加食品香气，通常安全，适合多种食品中使用，能够增添温和的香甜味。, 安全
168, 卡拉胶, GB1886.169-2016,, 食品添加剂, 用于增稠和稳定食品，通常安全，适合多种食品中使用，能够改善食品的质地和口感。, 安全
169, 5′-鸟苷酸二钠, GB1886.170-2016,, 食品添加剂, 用于增强食品的鲜味，通常安全，适合多种食品中使用，能够提升整体风味的复杂度。, 安全
170, 5′-呈味核苷酸二钠（又名呈味核苷酸二钠）, GB1886.171-2016,, 食品添加剂, 用于增强食品的鲜味，通常安全，适合多种食品中使用，能提高菜肴的鲜美程度。, 安全
171, 迷迭香提取物, GB1886.172-2016,, 抗氧化剂, 从迷迭香植物中提取的天然物质，具有抗氧化等作用，能够延长食品的保质期和提高风味。, 安全
172, 乳酸, GB1886.173-2016,, 酸度调节剂, 一种有机酸，可调节食品的酸度，通常安全，适合多种食品使用，能增强风味和口感。, 安全
173, 食品工业用酶制剂, GB1886.174-2024,, 酶制剂, 在食品加工过程中起到催化作用，通常安全，能够提高食品的营养价值和加工效率。, 安全
174, 亚麻籽胶（又名富兰克胶）, GB1886.175-2016,, 增稠剂, 具有良好的增稠性能，可改善食品的质地，通常安全，适合多种食品中使用。, 安全
175, 异构化乳糖液, GB1886.176-2016,, 甜味剂, 具有一定甜度，可作为甜味剂使用，通常安全，适合健康食品中使用。, 安全
176, D-甘露糖醇, GB1886.177-2016,, 甜味剂, D-甘露糖醇具有一定甜度，可作为甜味剂，通常安全，适合多种食品中使用。, 安全
177, 聚甘油脂肪酸酯, GB1886.178-2016,, 乳化剂, 具有乳化作用，可改善食品质地，通常安全，适合多种食品和饮料中使用。, 安全
178, 硬脂酰乳酸钙, GB1886.179-2016,, 乳化剂, 在食品中起到乳化稳定作用，通常安全，适合多种乳制品和糕点中。, 安全
179, 红曲红, GB1886.181-2016,, 着色剂, 天然红色着色剂，色泽鲜艳，通常安全，适合多种食品中使用，以增加视觉吸引力。, 安全
180, 异麦芽酮糖, GB1886.182-2016,, 甜味剂, 甜度适中，可作为甜味剂使用，通常安全，适合健康食品和低卡路里产品。, 安全
181, 苯甲酸, GB1886.183-2016,, 防腐剂, 具有防腐作用，延长食品保质期，通常安全，广泛用于各种加工食品中。, 安全
182, 苯甲酸钠, GB1886.184-2016,, 防腐剂, 常用的食品防腐剂，能够有效抑制细菌生长，通常安全，适合多种食品使用。, 安全
183, 琥珀酸单甘油酯, GB1886.185-2016,, 乳化剂, 可改善食品的乳化状态，通常安全，适合多种乳制品和调味品中使用。, 安全
184, 山梨酸, GB1886.186-2016,, 防腐剂, 有效的食品防腐剂，能够延长食品保质期，通常安全，适合多种食品使用。, 安全
185, 山梨糖醇和山梨糖醇液, GB1886.187-2016,, 甜味剂、保湿剂, 具有甜度且有保湿作用，通常安全，适合多种甜点和饮料中使用。, 安全
186, 田菁胶, GB1886.188-2016,, 增稠剂, 可增加食品的黏稠度，通常安全，适合各种调味品和汤类中使用。, 安全
187, 3-环己基丙酸烯丙酯, GB1886.189-2016,, 食品用香料, 用于增添食品香味，通常安全，适合多种食品和饮料中使用。, 安全
188, 乙酸乙酯, GB1886.190-2016,, 食品用香料, 具有特殊香气，通常安全，常用于烘焙和饮料中。, 安全
189, 柠檬醛, GB1886.191-2016,, 食品用香料, 具有柠檬香味，通常安全，适合甜点和饮料中,NULL
190,苯乙醇,GB1886.192-2016,,食品用香料,苯乙醇是一种具有芳香气味的化合物，常用于调味和香料中，能增加食品的吸引力，适合多种食品如糖果和烘焙食品。,安全
191,丙酸乙酯,GB1886.193-2016,,食品用香料,丙酸乙酯散发出独特的香气，常用于香料和食品添加剂中，有助于提升食品的整体风味，适合多种食品的调味。,安全
192,丁酸乙酯,GB1886.194-2016,,食品用香料,丁酸乙酯具有特殊香味，通常用于糕点和乳制品中，能够为食品增添独特的口感和香气。,安全
193,丁酸异戊酯,GB1886.195-2016,,食品用香料,丁酸异戊酯散发着水果香味，适用于果味食品和饮料中，为食品提供自然的水果风味。,安全
194,己酸乙酯,GB1886.196-2016,,食品用香料,己酸乙酯带有特殊风味，常用于油炸食品和调味品中，以增强食品的香气和口感。,安全
195,乳酸乙酯,GB1886.197-2016,,食品用香料,乳酸乙酯具有特殊香气，适用于各种食品中，以增加其风味和芳香性，通常安全。,安全
196,α-松油醇,GB1886.198-2016,,食品用香料,α-松油醇散发出独特的香味，常用于香水和食品中，能够增强食品的自然香气。,安全
197,天然薄荷脑,GB1886.199-2016,,食品用香料,天然薄荷脑具有清凉的薄荷味，广泛应用于糖果和饮料中，能够带来清新的口感和香气。,安全
198,香叶油(又名玫瑰香叶油),GB1886.200-2016,,食品用香料,香叶油具有浓郁的香气，常用于烘焙和调味品中，能增添食品的香气层次。,安全
199,乙酸苄酯,GB1886.201-2016,,食品用香料,乙酸苄酯具有芳香气味，通常用于香料和饮料中，以提升食品的香气和吸引力。,安全
200,乙酸异戊酯,GB1886.202-2016,,食品用香料,乙酸异戊酯散发出水果香味，适合用于多种果味食品中，能够增强食品的风味。,安全
201,异戊酸异戊酯,GB1886.203-2016,,食品用香料,异戊酸异戊酯具有特殊香气，常用于调味品和香料中，能够为食品增添独特的香气和口感。,安全
202,亚洲薄荷素油,GB1886.204-2016,,食品用香料,亚洲薄荷素油具有明显的薄荷香气，常用于糖果和饮料中，能够带来清新和凉爽的口感。,安全
203,d-香芹酮,GB1886.205-2016,,食品用香料,d-香芹酮是一种具有特殊香味的化合物，广泛应用于香料和调味品中，为食品增添丰富的香气。,安全
204,l-香芹酮,GB1886.206-2016,,食品用香料,l-香芹酮具有独特香气，常用于食品调味和香料中，以提升食品的芳香和风味。,安全
205,中国肉桂油,GB1886.207-2016,,食品用香料,中国肉桂油具有浓烈的肉桂香味，适用于甜点和饮料中，能够增添温暖的风味。,安全
206,乙基麦芽酚,GB1886.208-2016,,食品用香料,乙基麦芽酚在食品中具有增香作用，常用于调味和香料中，能够丰富食品的香气层次。,安全
207,正丁醇,GB1886.209-2016,,食品用香料,正丁醇散发出特殊气味，常用于食品香料中，能为食品提供独特的香气和风味。,安全
208,丙酸,GB1886.210-2016,,酸度调节剂,丙酸可有效调节食品的酸度，常用于面包和乳制品中，确保食品的质量和风味。,安全
209,茶多酚（又名维多酚）,GB1886.211-2016,,抗氧化剂,茶多酚是一种天然抗氧化物质，常用于饮料和食品中，以延长保质期和提升营养价值。,安全
210,酪蛋白酸钠（又名酪朊酸钠）,GB1886.212-2016,,乳化剂、增稠剂,酪蛋白酸钠具有优良的乳化和增稠作用，适用于乳制品和调味品中，提高食品的口感。,安全
211,二氧化硫,GB1886.213-2016,,漂白剂、防腐剂,二氧化硫用于食品漂白和防腐，能延长食品的保质期，适合多种食品的加工。,安全
212,碳酸钙（包括轻质和重质碳酸钙）,GB1886.214-2016,,营养强化剂,碳酸钙作为钙的补充来源，常用于乳制品和饮料中，以满足人体对钙的需求。,安全
213,白油(又名液体石蜡),GB1886.215-2016,,被膜剂,白油可在食品表面形成保护膜，防止水分流失，适合多种食品的保存。,安全
214,氧化镁(包括重质和轻质),GB1886.216-2016,,营养强化剂,氧化镁用于补充镁元素，常见于营养强化食品中，确保消费者的健康需求。,安全
215,亮蓝,GB1886.217-2016,,着色剂,亮蓝是一种蓝色着色剂，广泛应用于饮料和糖果中，以提供鲜艳的颜色。,安全
216,亮蓝铝色淀,GB1886.218-2016,,着色剂,亮蓝铝色淀是一种蓝色着色剂，常用于食品中，能够增加视觉吸引力。,安全
217,苋菜红铝色淀,GB1886.219-2016,,着色剂,苋菜红铝色淀是一种红色着色剂，适用于糖果和饮料，增加色彩的鲜明度。,安全
218,胭脂红,GB1886.220-2016,,着色剂,胭脂红是一种红色着色剂，广泛用于食品中，提供美观的色彩效果。,安全
219,胭脂红铝色淀,GB1886.221-2016,,着色剂,胭脂红铝色淀是红色着色剂的一种，适用于多种食品，能够增强视觉效果。,安全
220,诱惑红,GB1886.222-2016,,着色剂,诱惑红是一种红色着色剂，适用于糖果和饮料，增加食品的吸引力。,安全
221,诱惑红铝色淀,GB1886.223-2016,,着色剂,诱惑红铝色淀是一种红色着色剂，广泛应用于食品中，提供鲜艳的色彩效果。,安全
222,日落黄铝色淀,GB1886.224-2016,,着色剂,日落黄铝色淀是一种黄色着色剂，常用于食品中，增加食品的色彩多样性。,安全
223,乙氧基喹,GB1886.225-2016,,抗氧化剂,乙氧基喹具有抗氧化作用，适用于多种食品，能延长食品的保质期。,安全
224,海藻酸丙二醇酯,GB1886.226-2016,,增稠剂、乳化剂,海藻酸丙二醇酯兼具增稠和乳化作用，适用于乳制品和饮料中，提高食品的质地。,安全
225,吗啉脂肪酸盐果蜡,GB1886.227-2024,,被膜剂,吗啉脂肪酸盐果蜡在水果表面形成保护性果蜡层，能有效减少水分蒸发，延长水果的新鲜度和保质期。,安全
226,二氧化碳,GB1886.228-2016,,其他,二氧化碳在食品加工中用途广泛，可用于碳酸饮料的制作以及提高食品的保鲜效果。,安全
227,硫酸铝钾（又名钾明矾）,GB1886.229-2016,,膨松剂、固化剂,硫酸铝钾可用于食品加工中，帮助膨松和固化，提高食品的口感和结构稳定性。,安全
228,抗坏血酸棕榈酸酯,GB1886.230-2016,,抗氧化剂,抗坏血酸棕榈酸酯是一种天然抗氧化剂，常用于防止食品氧化变质，延长保质期。,安全
229,乳酸链球菌素,GB1886.231-2023,,防腐剂,乳酸链球菌素是一种天然防腐剂，能够抑制多种有害微生物的生长，确保食品安全。,安全
230,羧甲基纤维素钠,GB1886.232-2016,,增稠剂,羧甲基纤维素钠可显著增加食品的黏稠度，广泛应用于乳制品和调味品中。,安全
231,维生素 E,GB1886.233-2016,,抗氧化剂,维生素 E是一种天然抗氧化物质，有助于保护细胞，延缓食品的氧化过程。,安全
232,木糖醇,GB1886.234-2016,,甜味剂,木糖醇具有与糖相似的甜度，但热量低，适合糖尿病患者使用，广泛应用于无糖食品中。,安全
233,柠檬酸,GB1886.235-2016,,酸度调节剂,柠檬酸广泛用于调节食品的酸度，提升风味，同时有助于防止微生物生长。,安全
234,丙二醇脂肪酸酯,GB1886.236-2016,,乳化剂,丙二醇脂肪酸酯具有优良的乳化性能，常用于食品加工中提高乳化效果。,安全
235,植酸（又名肌醇六磷酸）,GB1886.237-2016,,抗氧化剂,植酸是一种天然抗氧化剂，能够保护食品中的营养成分，延长保质期。,安全
236,改性大豆磷脂,GB1886.238-2016,,乳化剂,改性大豆磷脂用于改善食品的乳化状态，提高食品的质地和口感。,安全
237,琼脂,GB1886.239-2016,,增稠剂,琼脂具有良好的增稠性能，常用于制作果冻、奶制品和调味品。,安全
238,甘草酸一钾,GB1886.240-2016,,甜味剂,甘草酸一钾具有一定甜度，广泛应用于无糖食品中，增加食品的风味。,安全
239,甘草酸三钾,GB1886.241-2016,,甜味剂,甘草酸三钾可作为天然甜味剂，提升食品的甜味，常见于饮料和糖果中。,安全
240,甘草酸铵,GB1886.242-2016,,甜味剂,甘草酸铵可作为食品的甜味剂，具有较低的热量和良好的甜味效果。,安全
241,海藻酸钠(又名褐藻酸钠),GB1886.243-2016,,增稠剂,海藻酸钠能够有效增稠食品，提高其黏稠度，广泛应用于各类食品中。,安全
242,紫甘薯色素,GB1886.244-2016,,着色剂,紫甘薯色素为天然着色剂，能够为食品增添鲜艳的紫色，常用于饮料和糖果中。,安全
243,复配膨松剂,GB1886.245-2016,,膨松剂,复配膨松剂可使食品在烘焙时膨松，提升口感和外观，常见于面包和蛋糕中。,安全
244,滑石粉,GB1886.246-2016,,抗结剂,滑石粉可防止食品在储存过程中结块，保持食品的流动性。,安全
245,碳酸氢钾,GB1886.247-2016,,膨松剂,碳酸氢钾在食品中用于膨松，适合用于面包和烘焙产品中。,安全
246,稳定态二氧化氯,GB1886.248-2016,,漂白剂、消毒剂,稳定态二氧化氯可用于漂白和消毒食品，确保食品的安全和外观。,安全
247,4-己基间苯二酚,GB1886.249-2016,,抗氧化剂,4-己基间苯二酚具有良好的抗氧化作用，能够延长食品的保质期。,安全
248,植酸钠,GB1886.250-2016,,抗氧化剂,植酸钠是一种天然抗氧化物质，能够保护食品免受氧化损害。,安全
249,氧化铁黑,GB1886.251-2016,,着色剂,氧化铁黑为黑色着色剂，常用于食品中，增加视觉吸引力。,安全
250,氧化铁红,GB1886.252-2016,,着色剂,氧化铁红为红色着色剂，广泛应用于食品中，提供鲜艳的颜色效果。,安全
251,羟基硬脂精（又名氧化硬脂精）,GB1886.253-2016,,乳化剂,羟基硬脂精具有良好的乳化性能，适合于多种食品的加工。,安全
252,刺梧桐胶,GB1886.254-2016,,增稠剂,刺梧桐胶能够有效增加食品的黏稠度，常用于调味品和饮料中。,安全
253,活性炭,GB1886.255-2016,,吸附剂,活性炭能够吸附食品中的杂质和异味，提高食品的质量。,安全
254,甲基纤维素,GB1886.256-2024,,增稠剂,甲基纤维素具有增稠效果，常用于无糖食品和低热量产品中。,安全
255,溶菌酶,GB1886.257-2016,,防腐剂,溶菌酶是一种天然防腐剂，能够有效抑制细菌生长，确保食品的安全。,安全
256,正己烷,GB1886.258-2016,,提取溶剂,正己烷用于食品成分的提取，广泛应用于香料和植物提取物的加工。,安全
257,蔗糖聚丙烯醚,GB1886.259-2016,,乳化剂,蔗糖聚丙烯醚具有优良的乳化性能，适用于多种食品的乳化处理。,安全
258,橙皮素,GB1886.260-2016,,抗氧化剂,橙皮素是一种天然抗氧化剂，能够保护食品成分，延长保质期。,安全
259,根皮素,GB1886.261-2016,,抗氧化剂,根皮素为天然抗氧化物质，能有效抵御食品的氧化过程。,安全
260,柚苷(柚皮甙提取物),GB1886.262-2016,,抗氧化剂,柚苷具有抗氧化作用，有助于保护食品的营养成分，延长保质期。,安全
261,玫瑰净油,GB1886.263-2016,,食品用香料,玫瑰净油具有浓郁的玫瑰香味，常用于烘焙和饮料中，增添花香风味。,安全
262,小花茉莉净油,GB1886.264-2016,,食品用香料,小花茉莉净油散发迷人的茉莉香味，常用于甜品和饮品中，提高风味层次。,安全
263,桂花净油,GB1886.265-2016,,食品用香料,桂花净油带有独特的桂花香味，常用于月饼及传统甜点，增添芳香气息。,安全
264,红茶酊,GB1886.266-2016,,食品用香料,红茶酊具有浓郁的红茶香味，常用于饮料及甜点中，增加茶香风味。,安全
265,绿茶酊,GB1886.267-2016,,食品用香料,绿茶酊散发清新的绿茶香味，适合用于茶饮及糕点，提升清香感。,安全
266,罗汉果酊,GB1886.268-2016,,食品用香料,罗汉果酊具有甜美的罗汉果香味，常用于无糖食品中，提升甜味体验。,安全
267,黄芥末提取物,GB1886.269-2016,,食品用香料,黄芥末提取物带有辛辣的芥末香味，常用于调味酱和腌制食品中。,安全
268,茶树油(又名互叶白千层油),GB1886.270-2016,,食品用香料,茶树油散发特有的清香，常用于香料混合物，增添新鲜感。,安全
269,香茅油,GB1886.271-2016,,食品用香料,香茅油具有清新的香茅香味，适用于饮品和甜点，增加热带风味。,安全
270,大蒜油,GB1886.272-2016,,食品用香料,大蒜油带有浓烈的大蒜香味，广泛应用于调味品和烹饪中，增加风味。,安全
271,丁香花蕾油,GB1886.273-2016,,食品用香料,丁香花蕾油具有强烈的丁香香味，常用于烘焙和香料混合物中，增添浓郁口感。,安全
272,杭白菊花油,GB1886.274-2016,,食品用香料,杭白菊花油散发温和的菊花香味，适合用于茶饮及甜点，提升芳香感。,安全
273,白兰花油,GB1886.275-2016,,食品用香料,白兰花油具有优雅的白兰花香味，常用于高档甜点和饮品中，增添奢华感。,安全
274,白兰叶油,GB1886.276-2016,,食品用香料,白兰叶油散发清新的香味，常用于调味料和香料混合物，提升风味层次。,安全
275,树兰花油,GB1886.277-2016,,食品用香料,树兰花油具有独特的树兰香味，适合用于甜点和饮品，增添新鲜感。,安全
276,椒样薄荷油,GB1886.278-2016,,食品用香料,椒样薄荷油带有清凉的薄荷香味，常用于饮品和糖果，增添清新感。,安全
277,洋茉莉醛（又名胡椒醛）,GB1886.279-2016,,食品用香料,洋茉莉醛具有独特的香气，常用于高档香料和甜点中，增添芳香气息。,安全
278,2-甲基戊酸乙酯,GB1886.280-2016,,食品用香料,2-甲基戊酸乙酯具有特殊香气，常用于香料混合物中，增添独特风味。,安全
279,香茅醛,GB1886.281-2016,,食品用香料,香茅醛带有香茅的香气，适用于饮品和香料，增添清新感。,安全
280,麦芽酚,GB1886.282-2016,,食品用香料,麦芽酚具有显著的增香作用，广泛用于烘焙食品中，提升风味。,安全
281,乙基香兰素,GB1886.283-2016,,食品用香料,乙基香兰素散发甜美的香味，常用于甜点和饮品，增添甜香感。,安全
282,覆盆子酮(又名悬钩子酮),GB1886.284-2016,,食品用香料,覆盆子酮具有鲜明的特殊香气，适用于果味食品和香水调配中。,安全
283,丙酸苄酯,GB1886.285-2016,,食品用香料,丙酸苄酯带有浓郁的香味，常用于糖果和甜点，增添甜美风味。,安全
284,丁酸丁酯,GB1886.286-2016,,食品用香料,丁酸丁酯散发特殊香气，适合用于香料和果味食品中，增添丰富层次。,安全
285,异戊酸乙酯,GB1886.287-2016,,食品用香料,异戊酸乙酯具有水果香味，常用于果味食品和饮料中，提升清新感。,安全
286,苯甲酸乙酯,GB1886.288-2016,,食品用香料,苯甲酸乙酯带有芳香气味，适合用于香料和饮品，增添风味层次。,安全
287,苯甲酸苄酯,GB1886.289-2016,,食品用香料,苯甲酸苄酯具有芳香气味，广泛应用于香料和甜点中，增添特殊风味。,安全
288,2-甲基吡嗪,GB1886.290-2016,,食品用香料,2-甲基吡嗪散发特殊气味，适合用于香料和调味品中，增添独特体验。,安全
289,"2,3-二甲基吡嗪",GB1886.291-2016,,食品用香料,具有特殊香气，广泛用于调味品和香料混合物中。,安全
290,"2,3,5-三甲基吡嗪",GB1886.292-2016,,食品用香料,带有独特气味，适用于多种食品调味，增加风味层次。,安全
291,5-羟乙基-4-甲基噻唑,GB1886.293-2016,,食品用香料,5-羟乙基-4-甲基噻唑具有独特的香味，常用于风味增强和香料混合物中。,安全
292,2-乙酰基噻唑,GB1886.294-2016,,食品用香料,2-乙酰基噻唑散发特殊香气，适用于多种食品和饮品，增加风味层次。,安全
293,"2,3,5,6-四甲基吡嗪",GB1886.295-2016,,食品用香料,该化合物具有特殊气味，广泛用于食品调味和香料中，增添复杂性。,安全
294,柠檬酸铁铵,GB1886.296-2016,,营养强化剂,柠檬酸铁铵用于补充铁元素，改善缺铁性贫血的症状。,安全
295,聚氧丙烯甘油醚,GB1886.297-2018,,乳化剂,聚氧丙烯甘油醚具有良好的乳化作用，广泛应用于食品加工。,安全
296,聚氧丙烯氧化乙烯甘油醚,GB1886.298-2018,,乳化剂,此乳化剂可有效乳化食品，提升产品的质感和稳定性。,安全
297,冰结构蛋白,GB1886.299-2018,,其他,冰结构蛋白具有特殊作用，能够改善食品的口感和保鲜效果。,安全
298,离子交换树脂,GB1886.300-2018,,加工助剂,离子交换树脂用于食品加工，常用于去除杂质和改善产品质量。,安全
299,半乳甘露聚糖,GB1886.301-2018,,增稠剂,半乳甘露聚糖可有效增稠食品，改善质地和口感。,安全
300,聚乙二醇,GB1886.302-2021,,其他,聚乙二醇有多种用途，常用于食品作为增稠剂和保湿剂。,安全
301,食用单宁,GB1886.303-2021,,抗氧化剂,食用单宁具有抗氧化作用，能够延长食品的保质期。,安全
302,磷酸（湿法）,GB1886.304-2020,,酸度调节剂,磷酸（湿法）可调节食品的酸度，改善风味和口感。,安全
303,D-木糖,GB1886.305-2020,,甜味剂,D-木糖具有一定的甜度，常用于无糖食品和健康产品中。,安全
304,谷氨酸钠,GB1886.306-2020,,增味剂,谷氨酸钠增加食品的鲜味，广泛用于调味品和食品加工中。,安全
305,叶绿素铜钾盐,GB1886.307-2020,,着色剂,叶绿素铜钾盐是一种绿色着色剂，适用于多种食品的天然着色。,安全
306,海藻酸钙（又名褐藻酸钙）,GB1886.308-2020,,增稠剂,海藻酸钙可增稠食品，改善质地，常用于糖果和乳制品中。,安全
307,藻蓝,GB1886.309-2020,,着色剂,藻蓝是一种蓝色着色剂，常用于饮料和甜点的天然着色。,安全
308,金樱子棕,GB1886.310-2020,,着色剂,金樱子棕为棕色着色剂，广泛用于烘焙和甜点中，增添色彩。,安全
309,黑加仑红,GB1886.311-2020,,着色剂,黑加仑红是一种红色着色剂，适用于果味食品和饮料中，增加视觉吸引力。,安全
310,甲壳素,GB1886.312-2020,,其他,甲壳素具有多种用途，常用于保健食品和食品加工中。,安全
311,联苯醚（又名二苯醚）,GB1886.313-2020,,其他,联苯醚用于特定食品的加工，有助于改善质地。,安全
312,乙二胺四乙酸二钠钙,GB1886.314-2020,,稳定剂,此稳定剂可有效稳定食品，防止变质。,安全
313,胭脂虫红及其铝色淀,GB1886.315-2021,,着色剂,胭脂虫红是一种红色着色剂，广泛用于食品和饮料中，增加红色。,安全
314,胭脂树橙,GB1886.316-2021,,着色剂,胭脂树橙是一种橙黄色着色剂，适用于各类食品的着色。,安全
315,β-胡萝卜素（盐藻来源）,GB1886.317-2021,,着色剂,β-胡萝卜素是一种黄色着色剂，常用于饮料和食品中，增加色泽。,安全
316,玉米黄,GB1886.318-2021,,着色剂,玉米黄为天然黄色着色剂，色泽鲜艳，适用于多种食品的着色。,安全
317,沙棘黄,GB1886.319-2021,,着色剂,沙棘黄为黄色着色剂，具有营养价值，适用于各类食品中。,安全
318,葡萄糖酸钠,GB1886.320-2021,,酸度调节剂,葡萄糖酸钠为白色结晶颗粒，能够有效调节食品的酸度，改善口感。,安全
319,索马甜,GB1886.321-2021,,甜味剂,索马甜是一种高甜度的天然甜味剂，甜度是蔗糖的数千倍，用量极少即可达到理想甜味。,安全
320,可溶性大豆多糖,GB1886.322-2021,,增稠剂,可溶性大豆多糖由大豆提取，可增加食品的黏稠度，改善质地。,安全
321,花生衣红,GB1886.323-2021,,着色剂,花生衣红为天然红色着色剂，颜色鲜艳且稳定，适用于多种食品中。,安全
322,偏酒石酸,GB1886.324-2021,,酸度调节剂,无色晶体，能够有效调节食品的酸度，使食品的味道更加均衡，提升整体风味与口感。,安全
323,聚偏磷酸钾,GB1886.325-2021,,水分保持剂,该成分能与水分子结合，保持食品中的水分，防止干燥，帮助保持食品的新鲜度和口感。,安全
324,酸式焦磷酸钙,GB1886.326-2021,,膨松剂,在加热过程中分解产生气体，使食品变得蓬松，增加体积和口感，提升食品的质感和视觉吸引力。,安全
325,磷酸三钾,GB1886.327-2021,,酸度调节剂,可调节食品的酸碱度，使其达到适宜的口感，改善风味，使食品更易被接受。,安全
326,焦磷酸二氢二钠,GB1886.328-2021,,膨松剂,在食品加工过程中能有效产生气体，使食品膨胀，改善口感和质感，提升食品的卖相。,安全
327,磷酸氢二钠,GB1886.329-2021,,酸度调节剂,白色粉末状，能够调节食品的酸度，增强食品的稳定性和保存性，提升保质期。,安全
328,磷酸二氢铵,GB1886.330-2021,,酸度调节剂,能够调节食品的酸碱度，在食品中起到缓冲作用，维持食品风味的稳定性。,安全
329,磷酸氢二铵,GB1886.331-2021,,酸度调节剂,白色晶体，能有效调节食品的酸度，改善食品的口感，增强风味层次感。,安全
330,磷酸三钙,GB1886.332-2021,,营养强化剂,作为钙的补充来源，增强食品的营养价值，有助于消费者摄取必需的钙元素。,安全
331,磷酸二氢钙,GB1886.333-2021,,营养强化剂,为食品提供钙元素，有助于维持人体骨骼和牙齿的健康，提升食品的营养密度。,安全
332,磷酸氢二钾,GB1886.334-2021,,酸度调节剂,有效调节食品的酸碱度，提升食品口感，使其更加美味可口，适合广泛的食品应用。,安全
333,三聚磷酸钠,GB1886.335-2021,,水分保持剂,具有优良的保水性能，能够防止食品中的水分流失，延长食品的保质期和新鲜度。,安全
334,磷酸二氢钠,GB1886.336-2021,,酸度调节剂,无色透明晶体，能够有效调节食品的酸度，增强食品的稳定性，提升整体风味。,安全
335,磷酸二氢钾,GB1886.337-2021,,酸度调节剂,在食品加工中起到重要作用，调节酸碱度，确保食品的风味和品质。,安全
336,磷酸三钠,GB1886.338-2021,,酸度调节剂,白色粉末状，能够有效调节食品的酸度，改善食品的口感和风味，使其更加美味。,安全
337,焦磷酸钠,GB1886.339-2021,,水分保持剂,能与水分子结合，保持食品的水分含量，延长保质期，有助于维持食品的新鲜度。,安全
338,焦磷酸四钾,GB1886.340-2021,,水分保持剂,具有良好的保水性能，能够在食品加工中有效保持水分，提升食品的品质。,安全
339,二氧化钛,GB1886.341-2021,,着色剂,白色粉末状，作为着色剂可使食品呈现白色或增加白度，改善视觉效果和吸引力。,安全
340,硫酸铝铵,GB1886.342-2021,,膨松剂,在食品加工中受热分解产生气体，使食品膨胀，提升膨松效果，增加食品的体积和口感。,安全
341,L-苏氨酸,GB1886.343-2021,,营养强化剂,人体必需的氨基酸之一，可用于食品的营养强化，提高食品的营养价值。,安全
342,DL-丙氨酸,GB1886.344-2021,,增味剂,可增加食品的鲜味，改善口感，提升整体风味，使食品更具吸引力。,安全
343,桑椹红,GB1886.345-2021,,着色剂,从桑椹中提取的天然红色着色剂，具有独特的色泽和营养价值，提升食品的视觉吸引力。,安全
344,柑橘黄,GB1886.346-2021,,着色剂,以柑橘为原料提取的黄色着色剂，颜色鲜艳且稳定，增强食品的外观美感。,安全
345,"4-氨基-5,6-二甲基噻吩并[2,3-d]嘧啶-2(1H)-酮盐酸盐",GB1886.347-2021,,其他,具有特定的用途，在食品加工中发挥作用，可能改善某些食品特性。,安全
346,焦磷酸一氢三钠,GB1886.348-2021,,酸度调节剂,能够调节食品的酸碱度，使食品具有适宜的口感，增强食品的风味和稳定性。,安全
347,茶多酚棕榈酸酯,GB1886.360-2022,,抗氧化剂,具有显著的抗氧化作用，可延长食品的保质期，维持食品的新鲜度。,安全
348,叶绿素铜,GB1886.361-2022,,着色剂,绿色着色剂，能够为食品增添绿色色泽，提升食品的自然感和美观度。,安全
349,ε–聚赖氨酸,GB1886.362-2022,,防腐剂,天然防腐剂，对食品中的微生物有抑制作用，帮助延长食品的保质期。,安全
350,植物活性炭（稻壳来源）,GB1886.363-2022,,吸附剂,能够有效吸附食品中的杂质和异味，提高食品的质量，增强消费者的食用体验。,安全
351,越橘红,GB1886.364-2022,,着色剂,从越橘中提取的天然红色着色剂，具有独特的色泽和营养价值，增加食品的视觉吸引力。,安全
352,5-戊基-3H-呋喃-2-酮,GB1886.376-2024,,食品用香料,具有特殊的香气，可用于增添食品的香味，提升整体风味体验。,安全
353,碳酸氢铵,GB1888-2014,,膨松剂,受热分解产生气体，使食品膨胀，提升膨松效果，改善食品的口感和质感。,安全
354,二丁基羟基甲苯（BHT）,GB1900-2010,,抗氧化剂,有效防止食品氧化变质，延长食品的保质期，维护食品的风味和质量。,安全
355,硫磺,GB3150-2010,,漂白剂、防腐剂,可用于食品的漂白和防腐，但需严格控制剂量，以确保食品安全。,安全
356,苋菜红,GB4479.1-2010,,着色剂,红色着色剂，色泽鲜艳，广泛用于食品着色，提升食品的视觉吸引力。,安全
357,柠檬黄,GB4481.1-2010,,着色剂,黄色着色剂，颜色明亮，常用于食品着色，增加食品的视觉美感。,安全
358,柠檬黄铝色淀,GB4481.2-2010,,着色剂,黄色着色剂，具有较好的稳定性，适用于多种食品的着色需求。,安全
359,日落黄,GB6227.1-2010,,着色剂,橙黄色着色剂，具有良好的稳定性，广泛用于食品着色。,安全
360,明胶,GB6783-2013,,增稠剂,可增加食品的黏稠度，改善食品的质地，常用于乳制品和糖果中。,安全
361,葡萄糖酸-δ-内酯,GB7657-2020,,凝固剂,在食品加工中可使食品凝固成型，常用于豆腐和乳制品。,安全
362,栀子黄,GB7912-2010,,着色剂,黄色着色剂，天然安全，主要用于饮料和糖果的着色。,安全
363,甜菊糖苷,GB1886.355-2022,,甜味剂,天然甜味剂，甜度高，热量低，适用于糖尿病患者的食品。,安全
364,葡萄糖酸锌,GB8820-2010,,营养强化剂,可作为锌的补充来源，增强食品的营养价值，有助于免疫功能。,安全
365,β-胡萝卜素,GB1886.366-2023,,着色剂,黄色着色剂，富含营养，可用于增色和营养强化。,安全
366,松香甘油酯和氢化松香甘油酯,GB10287-2012,,被膜剂,可在食品表面形成保护膜，延长食品的保质期，适用于包装食品。,安全
367,山梨醇酐单硬脂酸酯（司盘 60）,GB13481-2011,,乳化剂,具有良好的乳化性能，可改善食品的质地，常用于烘焙产品。,安全
368,山梨醇酐单油酸酯（司盘 80）,GB13482-2011,,乳化剂,可使不相溶的物质均匀混合，提高食品的稳定性，适用于乳制品和沙拉酱。,安全
369,维生素 A,GB14750-2010,,营养强化剂,对人体视力等方面具有重要作用，常用于婴幼儿食品和保健品。,安全
370,维生素 B1（盐酸硫胺）,GB14751-2010,,营养强化剂,人体必需的维生素之一，可补充人体所需营养，适用于营养补充食品。,安全
371,维生素 B2（核黄素）,GB14752-2010,,营养强化剂,参与人体代谢过程，帮助维持皮肤和眼睛的健康。,安全
372,维生素 B6（盐酸吡哆醇）,GB14753-2010,,营养强化剂,对人体神经系统等有重要作用，可用于食品营养强化。,安全
373,维生素 C（抗坏血酸）,GB14754-2010,,抗氧化剂,具有抗氧化作用，可保护食品中的营养成分，延长保质期。,安全
374,维生素 D2（麦角钙化醇）,GB14755-2010,,营养强化剂,有助于人体对钙的吸收，常用于乳制品和强化食品。,安全
375,维生素 E（dl-α-醋酸生育酚）,GB14756-2010,,抗氧化剂,可防止食品氧化变质，延长食品保质期，适用于油脂类食品。,安全
376,烟酸,GB14757-2010,,营养强化剂,对人体健康有重要作用，常用于能量饮料和营养补充食品。,安全
377,咖啡因,GB14758-2010,,食品用香料,具有特殊的香气和提神醒脑的作用，常用于饮料和能量食品。,安全
378,牛磺酸,GB14759-2010,,营养强化剂,对人体健康有益，常用于运动饮料和能量食品。,安全
379,新红,GB14888.1-2010,,着色剂,红色着色剂，广泛用于食品着色，具有良好的稳定性。,安全
380,新红铝色淀,GB14888.2-2010,,着色剂,红色着色剂，具有较好的稳定性，适用于各种食品的着色。,安全
381,硅藻土,GB14936-2012,,过滤剂,可用于食品的过滤和净化，常用于啤酒和饮料的生产。,安全
382,叶酸,GB15570-2010,,营养强化剂,对人体生长发育等有重要作用，常用于孕妇食品和营养补充剂。,安全
383,葡萄糖酸钙,GB15571-2010,,营养强化剂,可补充人体所需的钙元素，常用于强化食品和饮料。,安全
384,赤藓红,GB17512.1-2010,,着色剂,红色着色剂，颜色鲜艳，适用于各种食品的着色。,安全
385,赤藓红铝色淀,GB17512.2-2010,,着色剂,红色着色剂，稳定性较好，适合于长时间存储的食品。,安全
386,L-苏糖酸钙,GB17779-2010,,营养强化剂,可作为钙的补充来源，增强食品的营养价值，适用于补钙产品。,安全
387,过氧化氢,GB22216-2020,,消毒剂、漂白剂,可用于食品的消毒和漂白，但使用需严格控制，以确保安全。,安全
388,三氯蔗糖,GB25531-2010,,甜味剂,甜度高，热量低，是一种新型甜味剂，适合于低热量食品。,安全
389,纳他霉素,GB25532-2010,,防腐剂,天然防腐剂，对食品中的霉菌等有抑制作用，广泛应用于乳制品。,安全
390,果胶,GB25533-2010,,增稠剂,可增加食品的黏稠度，改善食品的质地，常用于果酱和糖果中。,安全
391,红米红,GB25534-2010,,着色剂,红色着色剂，从红米中提取，天然安全，适用于健康食品的着色。,安全
392,结冷胶,GB25535-2010,,增稠剂,具有良好的增稠性能，常用于乳制品和果汁中。,安全
393,萝卜红,GB25536-2010,,着色剂,从萝卜中提取的天然红色着色剂，适用于各类食品的着色。,安全
394,乳酸钠（溶液）,GB25537-2010,,水分保持剂、酸度调节剂,可保持食品中的水分，调节食品的酸度，常用于肉制品。,安全
395,双乙酸钠,GB25538-2010,,防腐剂,对食品中的细菌等有抑制作用，适用于加工食品。,安全
396,双乙酰酒石酸单双甘油酯,GB25539-2010,,乳化剂,可使食品中的不同成分均匀混合，广泛应用于烘焙产品。,安全
397,乙酰磺胺酸钾,GB25540-2010,,甜味剂,甜度高，热量低，适合于各种低热量食品。,安全
398,聚葡萄糖,GB25541-2010,,增稠剂、膳食纤维来源,可增加食品的黏稠度，同时提供膳食纤维，常用于健康食品。,安全
399,甘氨酸（氨基乙酸）,GB25542-2010,,增味剂,可增加食品的鲜味，适用于调味品和高汤。,安全
400,L-丙氨酸,GB25543-2010,,增味剂,可提升食品的口感，广泛应用于调味和食品加工中。,安全
401,DL-苹果酸,GB25544-2010,,酸度调节剂,可调节食品的酸度，常用于饮料和果汁。,安全
402,L(+)-酒石酸,GB25545-2010,,酸度调节剂,为食品提供适宜的酸味，广泛用于烘焙和饮料。,安全
403,富马酸,GB25546-2010,,酸度调节剂,调节食品的酸碱度，常用于果汁和调味品。,安全
404,脱氢乙酸钠,GB25547-2010,,防腐剂,可防止食品腐败变质，广泛应用于加工食品。,安全
405,丙酸钙,GB1886.356-2022,,防腐剂,对食品中的霉菌等有抑制作用，常用于烘焙食品。,安全
406,丙酸钠,GB25549-2010,,防腐剂,可延长食品的保质期，常用于面包和乳制品。,安全
407,山梨醇酐单月桂酸酯（司盘 20）,GB25551-2010,,乳化剂,具有乳化作用，改善食品的质地，适用于烘焙产品。,安全
408,山梨醇酐单棕榈酸酯（司盘 40）,GB25552-2010,,乳化剂,可使食品中的不同成分均匀混合，广泛应用于乳制品。,安全
409,聚氧乙烯（20）山梨醇酐单硬脂酸酯（吐温 60）,GB25553-2010,,乳化剂,具有良好的乳化性能，常用于沙拉酱和调味品。,安全
410,聚氧乙烯（20）山梨醇酐单油酸酯（吐温 80）,GB25554-2010,,乳化剂,可改善食品的乳化状态，适合于饮料和酱料。,安全
411,L-乳酸钙,GB25555-2010,,营养强化剂,可补充人体所需的钙元素，常用于儿童食品和营养补充剂。,安全
412,酒石酸氢钾,GB25556-2010,,膨松剂,在食品加工中可使食品蓬松，常用于烘焙。,安全
413,焦亚硫酸钾,GB25570-2010,,漂白剂、防腐剂,白色或无色结晶，在食品中可起到漂白和防腐的作用，适用于果酒等。,安全
414,活性白土,GB25571-2011,,吸附剂,具有较强的吸附能力，可用于去除食品中的杂质和色素，常用于油脂精炼。,安全
415,氢氧化钙,GB1886.375-2024,,酸度调节剂,白色粉末状，可调节食品的酸碱度，常用于豆腐制作。,安全
416,过氧化钙,GB25573-2010,,氧化剂,在食品加工中可作为氧化剂使用，适合用于面包等。,安全
417,次氯酸钠,GB25574-2010,,消毒剂,可用于食品的消毒处理，常用于水处理和设备消毒。,安全
418,氢氧化钾,GB25575-2010,,酸度调节剂,可调节食品的酸碱度，适合用于调味品和饮料。,安全
419,二氧化硅,GB25576-2020,,抗结剂,防止食品结块，常用于盐和香料的加工。,安全
420,硫酸锌,GB25579-2010,,营养强化剂,可补充人体所需的锌元素，常用于婴儿配方奶粉。,安全
421,亚铁氰化钾（黄血盐钾）,GB25581-2010,,抗结剂,防止食品结块，常用于食盐和调味品。,安全
422,硅酸钙铝,GB25582-2010,,抗结剂,可防止食品结块，常用于面粉和糖的加工。,安全
423,硅铝酸钠,GB25583-2010,,抗结剂,防止食品结块，适合于各种粉末状食品。,安全
424,氯化镁,GB25584-2010,,凝固剂、营养强化剂,可在食品中起到凝固作用，同时补充镁元素，常用于豆制品。,安全
425,氯化钾,GB25585-2010,,营养强化剂,补充钾元素，适合于低钠盐的生产。,安全
426,碳酸氢三钠（倍半碳酸钠）,GB25586-2010,,酸度调节剂,调节食品酸度，常用于烘焙产品。,安全
427,碳酸镁,GB25587-2010,,抗结剂、营养强化剂,防止食品结块，同时可补充镁元素，适合于乳制品和面粉。,安全
428,碳酸钾,GB25588-2010,,酸度调节剂,调节食品酸度，适合于果汁和饮料。,安全
429,亚硫酸氢钠,GB25590-2010,,漂白剂、防腐剂,可用于食品的漂白和防腐，常用于干果和果汁。,安全
430,"N,2,3-三甲基-2-异丙基丁酰胺",GB25593-2010,,食品用香料,具有特殊香气，可用于增添食品香味，常用于糖果和糕点。,安全
431,碘酸钾,GB26402-2011,,营养强化剂,可补充人体所需的碘元素，适合于食盐的加工。,安全
432,特丁基对苯二酚,GB26403-2011,,抗氧化剂,防止食品氧化变质，常用于油脂和调味品。,安全
433,赤藓糖醇,GB26404-2011,,甜味剂,甜度低，适合糖尿病患者食用，常用于低糖食品。,安全
434,叶黄素,GB26405-2011,,着色剂、营养强化剂,黄色着色剂，同时具有一定的营养价值，适用于饮料和乳制品。,安全
435,叶绿素铜钠盐,GB26406-2011,,着色剂,绿色着色剂，常用于糖果和饮料。,安全
436,核黄素5＇—磷酸钠,GB28301-2012,,营养强化剂,补充维生素B2，适合于能量饮料和营养补充剂。,安全
437,"辛,癸酸甘油酯",GB28302-2012,,乳化剂,具有乳化作用，常用于调味品和乳制品。,安全
438,辛烯基琥珀酸淀粉钠,GB1886.370-2023,,乳化剂、增稠剂,可改善食品的乳化状态和增加黏稠度，适合于调味品。,安全
439,可得然胶,GB28304-2012,,增稠剂,增加食品的黏稠度，适合于果冻和布丁。,安全
440,乳酸钾,GB28305-2012,,水分保持剂、酸度调节剂,可保持食品水分和调节酸度，适合于焙烤食品。,安全
441,L-精氨酸,GB28306-2012,,营养强化剂,人体必需的氨基酸之一，支持免疫和心血管健康。,安全
442,麦芽糖醇和麦芽糖醇液,GB28307-2012,,甜味剂,甜度较低，适合糖尿病患者食用，常用于低糖食品。,安全
443,植物炭黑,GB28308-2012,,着色剂,黑色着色剂，适用于食品的颜色修正。,安全
444,酸性红（偶氮玉红）,GB28309-2012,,着色剂,红色着色剂，广泛用于糖果和饮料中。,安全
445,β-胡萝卜素（发酵法）,GB28310-2012,,着色剂、营养强化剂,黄色着色剂，具有一定的营养价值，常用于油脂和饮料。,安全
446,栀子蓝,GB28311-2012,,着色剂,蓝色着色剂，适用于饮料和糖果。,安全
447,玫瑰茄红,GB28312-2012,,着色剂,红色着色剂，常用于饮料和果酱。,安全
448,葡萄皮红,GB28313-2012,,着色剂,红色着色剂，适用于饮料和果酱。,安全
449,辣椒油树脂,GB28314-2012,,食品用香料,具有辣椒的香味，常用于调味品。,安全
450,紫草红,GB28315-2012,,着色剂,红色着色剂，适用于糖果和饮料。,安全
451,番茄红,GB28316-2012,,着色剂,红色着色剂，广泛用于番茄制品。,安全
452,靛蓝,GB28317-2012,,着色剂,蓝色着色剂，适用于饮料和糖果。,安全
453,靛蓝铝色淀,GB1886.357-2022,,着色剂,蓝色着色剂，适合于糖果和饮料。,安全
454,庚酸烯丙酯,GB28319-2012,,食品用香料,具有特殊香气，常用于调味品。,安全
455,苯甲醛,GB28320-2012,,食品用香料,具有芳香气味，广泛用于糕点和糖果。,安全
456,十二酸乙酯（月桂酸乙酯）,GB28321-2012,,食品用香料,具有水果香味，适用于多种食品。,安全
457,十四酸乙酯（肉豆蔻酸乙酯）,GB28322-2012,,食品用香料,具有特殊香气，常用于调味品。,安全
458,乙酸香茅酯,GB28323-2012,,食品用香料,具有香茅的香气，适合于饮料和糖果。,安全
459,丁酸香叶酯,GB28324-2012,,食品用香料,具有水果香味，广泛用于糕点。,安全
460,乙酸丁酯,GB28325-2012,,食品用香料,具有水果香味，适用于饮料和甜点。,安全
461,乙酸己酯,GB28326-2012,,食品用香料,具有水果香味，适用于多种食品。,安全
462,乙酸辛酯,GB28327-2012,,食品用香料,具有水果香味，适合于饮料和糖果。,安全
463,乙酸癸酯,GB28328-2012,,食品用香料,具有水果香味，适用于甜点。,安全
464,顺式-3-己烯醇乙酸酯(乙酸叶醇酯),GB28329-2012,,食品用香料,具有特殊香气，适合于糕点和糖果。,安全
465,乙酸异丁酯,GB28330-2012,,食品用香料,具有水果香味，广泛用于饮料和甜点。,安全
466,丁酸戊酯,GB28331-2012,,食品用香料,具有水果香味，适合于多种食品。,安全
467,丁酸己酯,GB28332-2012,,食品用香料,具有水果香味，适合于调味品和甜点。,安全
468,顺式-3-己烯醇丁酸酯(丁酸叶醇酯),GB28333-2012,,食品用香料,具有特殊香气，适合于糕点和糖果。,安全
469,顺式-3-己烯醇己酸酯(己酸叶醇酯),GB28334-2012,,食品用香料,具有特殊香气，适合于调味品。,安全
470,2-甲基丁酸乙酯,GB28335-2012,,食品用香料,具有水果香味，适合于饮料和甜点。,安全
471,2-甲基丁酸,GB28336-2012,,食品用香料,具有特殊香气，常用于调味品和饮料。,安全
472,乙酸薄荷酯,GB28337-2012,,食品用香料,具有薄荷的香气，适用于口香糖和饮料。,安全
473,乳酸l-薄荷酯,GB28338-2012,,食品用香料,具有薄荷的香气，广泛用于糖果和饮料。,安全
474,二甲基硫醚,GB28339-2012,,食品用香料,具有特殊气味，适用于调味品。,安全
475,3-甲硫基丙醇,GB28340-2012,,食品用香料,具有特殊香气，适用于多种食品。,安全
476,3-甲硫基丙醛,GB28341-2012,,食品用香料,具有特殊香气，适合于调味品和香料。,安全
477,3-甲硫基丙酸甲酯,GB28342-2012,,食品用香料,具有水果香味，适用于甜点和饮料。,安全
478,3-甲硫基丙酸乙酯,GB28343-2012,,食品用香料,具有水果香味，适合于糖果和饮料。,安全
479,乙酰乙酸乙酯,GB28344-2012,,食品用香料,具有特殊香气，适用于多种食品。,安全
480,乙酸肉桂酯,GB28345-2012,,食品用香料,具有肉桂的香气，适合于糕点和甜点。,安全
481,肉桂醛,GB28346-2012,,食品用香料,具有肉桂的香气，广泛用于调味品。,安全
482,肉桂酸,GB28347-2012,,食品用香料,具有特殊香气，适用于多种食品。,安全
483,肉桂酸甲酯,GB28348-2012,,食品用香料,具有肉桂的香气，适合于糕点和甜点。,安全
484,肉桂酸乙酯,GB28349-2012,,食品用香料,具有肉桂的香气，适用于调味品。,安全
485,肉桂酸苯乙酯,GB28350-2012,,食品用香料,具有肉桂的香气，适合于糕点和甜点。,安全
486,5-甲基糠醛,GB28351-2012,,食品用香料,具有特殊香气，适合于调味品。,安全
487,苯甲酸甲酯,GB28352-2012,,食品用香料,具有芳香气味，适合于多种食品。,安全
488,茴香醇,GB28353-2012,,食品用香料,具有特殊香气，适合于调味品。,安全
489,大茴香醛,GB28354-2012,,食品用香料,具有特殊香气，常用于香料和调味品。,安全
490,水杨酸甲酯(柳酸甲酯),GB28355-2012,,食品用香料,具有特殊香气，适用于多种食品。,安全
491,水杨酸乙酯(柳酸乙酯),GB28356-2012,,食品用香料,具有特殊香气，适合于调味品。,安全
492,水杨酸异戊酯(柳酸异戊酯),GB28357-2012,,食品用香料,具有特殊香气，适合于多种食品。,安全
493,丁酰乳酸丁酯,GB28358-2012,,食品用香料,具有特殊香气，适合于调味品。,安全
494,乙酸苯乙酯,GB28359-2012,,食品用香料,具有芳香气味，适用于多种食品。,安全
495,苯乙酸苯乙酯,GB28360-2012,,食品用香料,具有特殊香气，适合于调味品。,安全
496,苯乙酸乙酯,GB28361-2012,,食品用香料,具有芳香气味，适合于糕点和甜点。,安全
497,苯氧乙酸烯丙酯,GB28362-2012,,食品用香料,具有特殊香气，适合于调味品。,安全
498,二氢香豆素,GB28363-2012,,食品用香料,具有特殊香气，常用于香料和调味品。,安全
499,2-甲基-2-戊烯酸(草莓酸),GB28364-2012,,食品用香料,具有水果香味，适合于饮料和甜点。,安全
500,"4-羟基-2,5-二甲基-3(2H)呋喃酮",GB28365-2012,,食品用香料,具有特殊香气，适合于调味品。,安全
501,2-乙基-4-羟基-5-甲基-3(2H)-呋喃酮,GB28366-2012,,食品用香料,具有特殊香气，常用于调味品。,安全
502,4-羟基-5-甲基-3(2H)呋喃酮,GB28367-2012,,食品用香料,具有特殊香气，适合于饮料和甜点。,安全
503,"2,3-戊二酮",GB28368-2012,,食品用香料,具有特殊香气，适用于多种食品。,安全
504,磷脂,GB1886.358-2022,,乳化剂,具有乳化作用，广泛用于调味品和食品加工。,安全
505,普鲁兰多糖,GB28402-2012,,增稠剂,可增加食品的黏稠度，适用于多种食品。,安全
506,瓜尔胶,GB28403-2012,,增稠剂,增加食品黏稠度，适合于多种食品。,安全
507,氨水及液氨,GB29201-2020,,加工助剂,在食品加工中起特定作用。,安全
508,氮气,GB29202-2012,,其他,在食品加工中有特殊用途，常用于包装和保存。,安全
509,碘化钾,GB29203-2012,,营养强化剂,补充碘元素，预防缺碘病。,安全
510,硅胶,GB29204-2012,,吸附剂,可吸附食品中的杂质，延长保质期。,安全
511,硫酸,GB29205-2012,,加工助剂,用于食品加工，需遵循相关标准。,安全
512,硫酸铵,GB29206-2012,,营养强化剂,补充氮元素，适合于食品加工。,安全
513,硫酸镁,GB29207-2012,,营养强化剂,补充镁元素，促进新陈代谢。,安全
514,硫酸锰,GB29208-2012,,营养强化剂,补充锰元素，支持骨骼健康。,安全
515,硫酸钠,GB29209-2012,,加工助剂,在食品加工中起作用，需谨慎使用。,安全
516,硫酸铜,GB29210-2012,,营养强化剂,补充铜元素，促进红血球生成。,安全
517,硫酸亚铁,GB29211-2012,,营养强化剂,补充铁元素，预防贫血。,安全
518,羰基铁粉,GB29212-2012,,其他,有特定用途，主要用于食品加工。,安全
519,硝酸钾,GB29213-2012,,护色剂、防腐剂,可用于食品的护色和防腐。,安全
520,亚铁氰化钠,GB29214-2012,,抗结剂,防止食品结块，保持粉末流动性。,安全
521,植物活性炭（木质活性炭）,GB29215-2012,,吸附剂,吸附食品中的杂质，改善口感。,安全
522,丙二醇,GB29216-2012,,溶剂、保湿剂,在食品中有多种用途，常用于食品添加剂。,安全
523,环己基氨基磺酸钙,GB29217-2012,,甜味剂,具有甜度，适合于低热量食品。,安全
524,甲醇,GB29218-2012,,加工助剂,在特定情况下用于食品加工，需谨慎使用。,安全
525,山梨醇酐三硬脂酸酯（司盘65）,GB29220-2012,,乳化剂,具有乳化作用，改善食品质地。,安全
526,聚氧乙烯（20）山梨醇酐单月桂酸酯（吐温20）,GB29221-2012,,乳化剂,可改善食品的乳化状态，适用于多种食品。,安全
527,聚氧乙烯（20）山梨醇酐单棕榈酸酯（吐温40）,GB29222-2012,,乳化剂,具有乳化作用，适合于调味品。,安全
528,脱氢乙酸,GB29223-2012,,防腐剂,防止食品腐败变质，适合于多种食品。,安全
529,凹凸棒粘土,GB29225-2012,,吸附剂,可吸附食品中的杂质，改善口感。,安全
530,天门冬氨酸钙,GB29226-2012,,营养强化剂,补充钙元素，促进骨骼健康。,安全
531,丙酮,GB29227-2012,,加工助剂,在食品加工中有特定用途，需谨慎使用。,安全
532,醋酸酯淀粉,GB29925-2013,,增稠剂,可增加食品的黏稠度，适合于多种食品。,安全
533,磷酸酯双淀粉,GB29926-2013,,增稠剂,具有良好的增稠性能，可改善食品质地。,安全
534,氧化淀粉,GB29927-2013,,增稠剂,在食品中可增加黏稠度，适合于调味品。,安全
535,酸处理淀粉,GB29928-2013,,增稠剂,可使食品具有一定的黏稠度，适用于多种食品。,安全
536,乙酰化二淀粉磷酸酯,GB29929-2013,,增稠剂,能增加食品的黏稠度和稳定性，适合于多种食品。,安全
537,羟丙基淀粉,GB29930-2013,,增稠剂,可改善食品的黏稠度和口感，适合于多种食品。,安全
538,羟丙基二淀粉磷酸酯,GB29931-2013,,增稠剂,具有良好的增稠作用和稳定性，适用于多种食品。,安全
539,乙酰化双淀粉己二酸酯,GB29932-2013,,增稠剂,可增加食品的黏稠度和韧性，适合于多种食品。,安全
540,氧化羟丙基淀粉,GB29933-2013,,增稠剂,在食品中起到增稠的效果，适合于调味品。,安全
541,辛烯基琥珀酸铝淀粉,GB29934-2013,,乳化剂、增稠剂,用于乳化和增稠食品，改善产品质感与稳定性。,安全
542,磷酸化二淀粉磷酸酯,GB29935-2013,,增稠剂,能够显著提高食品的黏稠度，适用于多种食品应用。,安全
543,淀粉磷酸酯钠,GB29936-2013,,增稠剂,赋予食品适度的黏稠度，增强口感体验。,安全
544,羧甲基淀粉钠,GB29937-2013,,增稠剂,提升食品的黏稠度，常用于调味品和饮料中。,安全
545,琥珀酸二钠,GB29939-2013,,调味剂,用于增强食品风味，提升整体口感。,安全
546,柠檬酸亚锡二钠,GB29940-2013,,抗氧化剂,有效防止食品氧化变质，延长保质期。,安全
547,脱乙酰甲壳素（壳聚糖）,GB29941-2013,,增稠剂、保鲜剂,增加食品黏稠度并具保鲜功能，延缓食品劣变。,安全
548,维生素E（dl-α-生育酚）,GB29942-2013,,抗氧化剂,具有良好的抗氧化作用，保护食品营养成分。,安全
549,棕榈酸视黄酯（棕榈酸维生素A）,GB29943-2013,,营养强化剂,补充食品中的维生素A，促进身体健康。,安全
550,"N-[N-(3,3-二甲基丁基)]-L-α-天门冬氨-L-苯丙氨酸1-甲酯（纽甜）",GB29944-2013,,甜味剂,具有高甜度且低热量，适合低卡食品使用。,安全
551,槐豆胶（刺槐豆胶）,GB29945-2013,,增稠剂,显著增加食品的黏稠度，适用于酱料和饮品。,安全
552,纤维素,GB1886.374-2024,,增稠剂、膳食纤维来源,用于增稠食品并提供膳食纤维，促进消化健康。,安全
553,聚丙烯酸钠,GB29948-2013,,增稠剂,具良好的增稠性能，广泛用于乳制品和调味料。,安全
554,阿拉伯胶,GB29949-2013,,增稠剂,用于增加食品的黏稠度，常见于糖果和饮料中。,安全
555,甘油,GB29950-2013,,保湿剂、溶剂,保持食品水分，提升质感并作为有效溶剂。,安全
556,柠檬酸脂肪酸甘油酯,GB29951-2013,,乳化剂,用于乳化多种食品，提升产品稳定性。,安全
557,γ-辛内酯,GB29952-2013,,食品用香料,具有独特的香气，常用于糕点和饮料调味。,安全
558,δ-辛内酯,GB29953-2013,,食品用香料,散发独特香味，增添食品的风味层次。,安全
559,δ-壬内酯,GB29954-2013,,食品用香料,提供独特香气，提升多种食品的香味。,安全
560,δ-十一内酯,GB29955-2013,,食品用香料,具有特殊的香味，广泛应用于饮料中。,安全
561,δ-突厥酮,GB29956-2013,,食品用香料,提供特殊的气味，增强食品的吸引力。,安全
562,二氢-β-紫罗兰酮,GB29957-2013,,食品用香料,散发独特香气，提升糕点的香味。,安全
563,l-薄荷醇丙二醇碳酸酯,GB29958-2013,,食品用香料,具有清新的薄荷香气，增添食品清凉感。,安全
564,"d,l-薄荷酮甘油缩酮",GB29959-2013,,食品用香料,散发浓郁的薄荷味，适合糖果和饮料使用。,安全
565,二烯丙基硫醚,GB29960-2013,,食品用香料,具有特殊气味，适合多种调味食品。,安全
566,"4,5-二氢-3(2H)噻吩酮(四氢噻吩-3-酮)",GB29961-2013,,食品用香料,提供独特香气，常见于调味品中。,安全
567,2-巯基-3-丁醇,GB29962-2013,,食品用香料,散发独特香味，增添食品风味。,安全
568,3-巯基-2-丁酮(3-巯基-丁-2-酮),GB29963-2013,,食品用香料,具有特殊气味，提升食品吸引力。,安全
569,二甲基二硫醚,GB29964-2013,,食品用香料,散发独特的味道，适合调味品使用。,安全
570,二丙基二硫醚,GB29965-2013,,食品用香料,提供特殊香气，常见于调味品中。,安全
571,烯丙基二硫醚,GB29966-2013,,食品用香料,具有特殊气味，增添食品的风味。,安全
572,柠檬酸三乙酯,GB29967-2013,,食品用香料,散发独特香味，常用于糕点和饮品中。,安全
573,肉桂酸苄酯,GB29968-2013,,食品用香料,具有浓郁的肉桂香气，适合多种甜品。,安全
574,肉桂酸肉桂酯,GB29969-2013,,食品用香料,提供肉桂味，增添食品香气。,安全
575,"2,5-二甲基吡嗪",GB29970-2013,,食品用香料,散发独特香气，提升产品风味。,安全
576,苯甲醛丙二醇缩醛,GB29971-2013,,食品用香料,具有芳香气味，增添食品吸引力。,安全
577,乙醛二乙缩醛,GB29972-2013,,食品用香料,散发独特香气，适合多种调味品。,安全
578,2-异丙基-4-甲基噻唑,GB29973-2013,,食品用香料,具有特殊气味，增强食品风味。,安全
579,糠基硫醇(咖啡醛),GB29974-2013,,食品用香料,散发特殊香味，适合甜品和饮料使用。,安全
580,二糠基二硫醚,GB29975-2013,,食品用香料,具有特殊气味，提升多种食品的香味。,安全
581,1-辛烯-3-醇,GB29976-2013,,食品用香料,具有独特的果香，常用于调味和香料配方。,安全
582,2-乙酰基吡咯,GB29977-2013,,食品用香料,散发独特的坚果和香草气息，提升食品的风味。,安全
583,2-己烯醛(叶醛),GB29978-2013,,食品用香料,具有鲜明的植物香气，常用于调味料和饮料中。,安全
584,氧化芳樟醇,GB29979-2013,,食品用香料,呈现出温暖的花香，常用于甜品和饮料中。,安全
585,异硫氰酸烯丙酯,GB29980-2013,,食品用香料,具有强烈的辛辣气味，常用于调味和香料中。,安全
586,N-乙基-2-异丙基-5-甲基-环己烷甲酰胺,GB29981-2013,,食品用香料,具有清新的香气，用于多种食品的风味增强。,安全
587,δ-己内酯,GB29982-2013,,食品用香料,散发出甜美的奶香，常用于乳制品和烘焙食品中。,安全
588,δ-十四内酯,GB29983-2013,,食品用香料,具有独特的果香气息，常用于饮料和甜点中。,安全
589,四氢芳樟醇,GB29984-2013,,食品用香料,展现出温和的香气，常用于调味和香水配方中。,安全
590,叶醇(顺式-3-己烯-1-醇),GB29985-2013,,食品用香料,具有清新的草本香气，适用于多种食品香味增强。,安全
591,6-甲基-5-庚烯-2-酮,GB29986-2013,,食品用香料,散发出浓郁的香气，常用于糕点和甜品中。,安全
592,胶基及其配料,GB1886.359-2022,,胶基糖果中基础剂物质,用于胶基糖果的生产，提供结构和口感。,安全
593,海藻酸钾（褐藻酸钾）,GB29988-2013,,增稠剂,具有良好的增稠特性，常用于乳制品和调味品。,安全
594,对羟基苯甲酸甲酯钠,GB30601-2014,,防腐剂,有效防止食品腐败和变质，延长保质期。,安全
595,对羟基苯甲酸乙酯钠,GB30602-2014,,防腐剂,具有广泛的防腐效果，适用于多种食品。,安全
596,乙酸钠,GB30603-2014,,酸度调节剂,用于调节食品酸度，改善风味。,安全
597,甘氨酸钙,GB30605-2014,,营养强化剂,为食品提供钙元素，增强营养价值。,安全
598,甘氨酸亚铁,GB30606-2014,,营养强化剂,补充铁元素，有助于预防贫血。,安全
599,酶解大豆磷脂,GB30607-2014,,乳化剂,改善食品的乳化特性，提升口感和稳定性。,安全
600,DL-苹果酸钠,GB30608-2014,,酸度调节剂,用于调节食品酸度，增强风味和稳定性。,安全
601,聚氧乙烯聚氧丙烯季戊四醇醚,GB30609-2014,,乳化剂,有效乳化食品，改善质地和外观。,安全
602,乙醇,GB30610-2014,,溶剂、食品用香料,可用于溶解其他成分，增强香味。,安全
603,异丙醇,GB30611-2014,,加工助剂,在食品加工中作为溶剂和助剂。,安全
604,聚二甲基硅氧烷及其乳液,GB30612-2014,,消泡剂,有效消除食品中的泡沫，提高加工效率。,安全
605,氧化钙,GB30614-2014,,加工助剂,用于提高食品加工过程中的效率。,安全
606,竹叶抗氧化物,GB30615-2014,,抗氧化剂,防止食品氧化，保持食品新鲜。,安全
607,决明胶,GB31619-2014,,增稠剂,增加食品黏稠度，改善口感。,安全
608,β-阿朴-8´-胡萝卜素醛,GB31620-2014,,着色剂,用于提供食品的黄色着色，改善外观。,安全
609,杨梅红,GB31622-2014,,着色剂,用于食品着色，提供鲜艳的红色。,安全
610,硬脂酸钾,GB31623-2014,,乳化剂,用于改善食品质地和稳定性。,安全
611,天然胡萝卜素,GB31624-2014,,着色剂,提供天然的橙色或黄色着色，改善外观。,安全
612,二氢茉莉酮酸甲酯,GB31625-2014,,食品用香料,具有浓郁的茉莉香气，常用于调味品和香水。,安全
613,水杨酸苄酯（柳酸苄酯）,GB31626-2014,,食品用香料,具有独特的香气，用于多种食品的香味增强。,安全
614,香芹酚,GB31627-2014,,食品用香料,具有强烈的香气，常用于调味料中。,安全
615,高岭土,GB31628-2014,,填充剂,用于改善食品质地和外观，增加产品稳定性。,安全
616,聚丙烯酰胺,GB31629-2014,,增稠剂,用于提高食品的粘稠度和口感。,安全
617,聚乙烯醇,GB31630-2014,,食品用助剂,用于提高食品的结构和口感。,安全
618,氯化铵,GB31631-2014,,调味剂,用于调节食品的风味，提升口感。,安全
619,镍,GB31632-2014,,食品添加剂,用于特定食品加工，提升营养成分。,安全
620,氢气,GB31633-2014,,加工助剂,用于食品的加工和保存。,安全
621,珍珠岩,GB31634-2014,,填充剂,用于改善食品的质地和口感。,安全
622,聚苯乙烯,GB31635-2014,,食品用塑料,用于食品包装和容器制造。,安全
623,γ-环状糊精,GB1886.353-2021,,食品添加剂,用于提高食品的溶解性和稳定性。,安全
624,"3-[(4-氨基-2,2-二氧-1H-2,1,3-苯并噻二嗪-5-基)氧]-2,2-二甲基-N-丙基丙酰胺",GB1886.354-2021,,食品添加剂,用于改善食品的风味和口感。,安全
625,β-环状糊精,GB1886.352-2021,,食品添加剂,用于增强食品的风味和提高稳定性。,安全
626,α-环状糊精,GB1886.351-2021,,食品添加剂,用于提升食品的溶解性和风味。,安全
627,五碳双缩醛（又名戊二醛）,GB1886.349-2021,,食品添加剂,用于特定食品的风味增强。,安全
628,氧化亚氮,GB1886.350-2021,,食品添加剂,用于改善食品的质感和口感。,安全
629,5-甲基-2-呋喃甲硫醇,GB1886.365-2023,,食品香料,具有特殊的香气，常用于调味料。,安全
630,6-甲基辛醛,GB1886.367-2023,,食品香料,具有浓烈的香气，广泛应用于食品中。,安全
631,"(2S,5R)-N-[4-(2-氨基-2-氧代乙基)苯基]-5-甲基-2-(丙基-2-)环己烷甲酰胺",GB1886.368-2023,,食品添加剂,用于改善食品的风味和质量。,安全
632,蓝锭果红,GB1886.369-2023,,着色剂,用于提供食品的鲜艳红色。,安全
633,ε-聚赖氨酸盐酸盐,GB1886.371-2023,,防腐剂,用于防止食品变质，延长保质期。,安全
634,L-蛋氨酰基甘氨酸盐酸盐,GB1886.372-2023,,营养强化剂,提供重要氨基酸，增强营养价值。,安全
635,甲醇钠,GB1886.373-2023,,食品添加剂,用于特定食品的加工和保鲜。,安全
636,花生四烯酸油脂（发酵法）,GB1903.65-2024,,营养强化剂,提高食品的营养价值。,安全
637,二十二碳六烯酸油脂（发酵法）,GB1903.66-2024,,营养强化剂,提供重要的脂肪酸，增强营养。,安全
638,生产通用卫生规范,GB31647-2018,,食品安全标准,确保食品生产过程的卫生和安全。,安全
639,中重金属限量试验,GB5009.74-2014,,检测标准,用于检测食品中的重金属含量。,安全
640,中铅的测定,GB5009.75-2014,,检测标准,用于评估食品中的铅含量，确保安全。,安全
641,中砷的测定,GB5009.76-2014,,检测标准,用于监测食品中砷的含量，确保安全。,安全
642,β-胡萝卜素,GB8821-2010,2011年12月21日被替代,营养添加剂,提供天然的橙色，用于增强食品颜色。,安全
643,山梨醇酐单硬脂酸酯（司盘60）,GB13481-2010,2011年12月21日被替代,乳化剂,用于改善食品质地和稳定性。,安全
644,山梨醇酐单油酸酯（司盘80）,GB13482-2010,2011年12月21日被替代,乳化剂,用于提升食品的口感和质感。,安全
645,活性白土,GB25571-2010,2011年12月21日被替代,吸附剂,用于去除食品中的杂质和异味。,安全
647,丁苯橡胶,GB29987-2013,2015年5月24日被替代,食品包装材料,用于制造食品包装材料。,安全
648,琼脂（琼胶）,GB1975-2010,2017年1月1日废止,增稠剂,用于食品的增稠和胶凝。,安全
649,乙基麦芽酚,GB12487-2010,2017年1月1日废止,食品香料,用于增添食品的风味。,安全
650,吗啉脂肪酸盐果蜡,GB12489-2010,2017年1月1日废止,食品添加剂,用于改善食品质感。,安全
651,滑石粉,GB25578-2010,2017年1月1日废止,填充剂,用于提升食品的外观和质地。,安全
652,稳定态二氧化氯溶液,GB25580-2010,2017年1月1日废止,消毒剂,用于食品加工环境的消毒。,安全
653,碳酸氢钾,GB25589-2010,2017年1月1日废止,食品添加剂,用于调节食品的酸碱度。,安全
654,复合膨松剂,GB25591-2010,2017年1月1日废止,膨松剂,用于提高食品的蓬松度。,安全
655,山梨糖醇,GB29219-2012,2017年1月1日废止,甜味剂,用于替代糖，降低热量。,安全
656,乙酸乙酯,GB29224-2012,2017年1月1日废止,溶剂,用于食品的提取和加工。,安全
657,六偏磷酸钠,GB1886.4-2015,2021年3月11日被替代,食品添加剂,用于食品的保鲜和稳定。,安全
658,二氧化硅,GB25576-2010,2021年3月11日被替代,抗结剂,用于防止食品结块。,安全
659,氨水,GB29201-2012,2021年3月11日被替代,食品添加剂,用于特定食品加工。,安全
660,碳酸钠,GB1886.1-2015,2021年8月22日被替代,食品添加剂,用于调节食品的酸碱度。,安全
661,磷酸氢钙,GB1886.3-2016,2021年8月22日被替代,营养强化剂,用于补充钙元素。,安全
662,二氧化钛,GB25577-2010,2021年8月22日被替代,着色剂,用于提供食品的白色和亮度。,安全
663,焦磷酸二氢二钠,GB25567-2010,2021年8月22日被替代,食品添加剂,用于改善食品的质感。,安全
664,焦磷酸钠,GB25557-2010,2021年8月22日被替代,食品添加剂,用于增稠和稳定食品。,安全
665,焦磷酸四钾,GB25562-2010,2021年8月22日被替代,食品添加剂,用于提升食品的质地。,安全
666,磷酸二氢铵,GB25569-2010,2021年8月22日被替代,营养强化剂,用于增加食品中的磷和氮。,安全
667,磷酸二氢钙,GB25559-2010,2021年8月22日被替代,营养强化剂,用于补充钙元素。,安全
668,磷酸二氢钾,GB25560-2010,2021年8月22日被替代,营养强化剂,用于提供钾元素。,安全
669,磷酸二氢钠,GB25564-2010,2021年8月22日被替代,食品添加剂,用于调节食品的酸碱度。,安全
670,磷酸氢二铵,GB30613-2014,2021年8月22日被替代,营养强化剂,用于提供氮和磷。,安全
671,磷酸氢二钾,GB25561-2010,2021年8月22日被替代,营养强化剂,用于提供钾元素。,安全
672,磷酸氢二钠,GB25568-2010,2021年8月22日被替代,食品添加剂,用于调节酸碱度。,安全
673,磷酸三钙,GB25558-2010,2021年8月22日被替代,营养强化剂,用于补充钙元素。,安全
674,磷酸三钾,GB25563-2010,2021年8月22日被替代,营养强化剂,用于提供钾元素。,安全
675,磷酸三钠,GB25565-2010,2021年8月22日被替代,食品添加剂,用于调节酸碱度。,安全
676,硫酸铝铵,GB25592-2010,2021年8月22日被替代,食品添加剂,用于提升食品的质地。,安全
677,三聚磷酸钠,GB25566-2010,2021年8月22日被替代,食品添加剂,用于改善食品的稳定性。,安全
678,β-环状糊精,GB1886.180-2016,2022年3月7日被替代,食品添加剂,用于提高食品的溶解性和稳定性。,安全
679,丁香酚,GB1886.129-2015,2022年12月30日被替代,食品香料,用于提供香气和风味。,安全
680,甜菊糖苷,GB8270-2014,2022年12月30日被替代,天然甜味剂,用于替代糖，降低热量。,安全
681,丙酸钙,GB25548-2010,2022年12月30日被替代,防腐剂,用于抑制微生物生长，延长食品保质期。,安全
682,靛蓝铝色淀,GB28318-2012,2022年12月30日被替代,着色剂,用于增添食品的颜色和视觉吸引力。,安全
683,磷脂,GB28401-2012,2022年12月30日被替代,乳化剂,用于改善食品的质地和稳定性。,安全
684,胶基及其配料,GB29987-2014,2022年12月30日被替代,增稠剂,用于增强食品的稠度和口感。,安全
685,萜烯树脂,GB29947-2013,2022年12月30日被替代,食品添加剂,用于改善食品的质感。,安全
686,乳酸链球菌素,GB1886.231-2016,2024年3月6日被替代,防腐剂,用于抑制微生物生长，延长食品保质期。,安全
687,辛烯基琥珀酸淀粉钠,GB28303-2012,2024年3月6日被替代,增稠剂,用于提高食品的稠度。,安全
688,β-胡萝卜素,GB8821-2011,2024年3月6日被替代,营养强化剂,用于提供维生素A，改善视觉健康。,安全
689,L-肉碱酒石酸盐,GB25550-2010,2024年3月6日被替代,营养补充剂,用于支持脂肪代谢。,安全
690,纤维素,GB29946-2013,2024年8月8日被替代,增稠剂,用于改善食品的质地和稠度。,安全
691,松香季戊四醇酯,GB1886.96-2016,2024年8月8日被替代,增稠剂,用于改善食品的质地。,安全
692,吗啉脂肪酸盐果蜡,GB1886.227-2016,2024年8月8日被替代,食品添加剂,用于提升食品的外观。,安全
693,氢氧化钙,GB25572-2010,2024年8月8日被替代,食品添加剂,用于调节食品的酸碱度。,安全
694,食品工业用酶制剂,GB1886.174-2016,2024年8月8日被替代,酶制剂,用于促进食品加工中的化学反应。,安全
695,甲基纤维素,GB1886.256-2016,2024年8月8日被替代,增稠剂,用于改善食品的质地和稳定性。,安全
696,喹啉黄,GB1886.104-2015,2024年8月8日被替代,着色剂,用于增添食品的颜色。,安全
697,乳糖醇（又名4-β-D吡喃半乳糖-D-山梨醇）,GB1886.98-2016,2024年8月8日被替代,甜味剂,用于替代糖，降低热量。,安全
698,花生四烯酸油脂（发酵法）,GB26401-2011,2024年8月8日被替代,营养补充剂,用于增加Omega-6脂肪酸。,安全
699,二十二碳六烯酸油脂（发酵法）,GB26400-2011,2024年8月8日被替代,营养补充剂,用于增加Omega-3脂肪酸。,安全
